val_loss;acc;time;loss;val_acc
0.154166673207;0.090740736229;5.153;0.142686993298;0.0749999965645
0.152777367996;0.0888888860742;2.496;0.149214974708;0.0833333309533
0.153472226941;0.0851851836261;2.555;0.150467989621;0.0791666631897
0.15270521409;0.0833333311602;2.517;0.151103368236;0.0833333309533
0.152777783159;0.0796296270909;2.514;0.151917030414;0.0833333294011
0.15277742967;0.0842592557547;2.554;0.151991604103;0.0833333283663
0.153472220732;0.0787036990126;2.565;0.151045088967;0.0791666642245
0.152777501692;0.0944444420575;2.541;0.146653396112;0.0833333317811
0.153472226941;0.0740740708662;2.516;0.149717769137;0.0791666647419
0.152159579098;0.0805555539275;2.615;0.15031320988;0.0791666652593
0.152777781089;0.0814814793153;2.535;0.14912948785;0.0833333309533
0.152777781089;0.0740740735567;2.615;0.15243454719;0.0833333283663
0.152777734316;0.0833333304359;2.582;0.150149484475;0.0833333294011
0.152777781089;0.0870370347467;2.658;0.149808968107;0.0833333319881
0.152777781089;0.0805555538585;2.732;0.151558887075;0.0833333304359
0.152777783159;0.0768518493407;2.593;0.151300863811;0.0833333309533
0.153468005359;0.082407405117;2.644;0.149770069729;0.0791666637071
0.149767532945;0.0805555517199;2.63;0.149501697057;0.101388882328
0.122844702047;0.0805555514439;2.552;0.14913930606;0.0791666639658
0.153472224871;0.0814814796602;2.693;0.149575859584;0.079166662931
0.153472224871;0.0861111079791;2.598;0.150380002404;0.0791666639658
0.147335896062;0.0879629601345;2.48;0.148452499123;0.0833333317811
0.152717429731;0.0898148109791;2.584;0.14863760659;0.0791666639658
0.152777783159;0.0842592557547;2.493;0.149424753807;0.0833333309533
0.153472205831;0.0787037014961;2.636;0.149390668229;0.0791666639658
0.153472129256;0.0898148110481;2.604;0.148464915101;0.0791666650006
acc;val_loss;time;val_acc;loss
0.0842592546509;0.152777779433;5.518;0.0833333307463;0.144853098801
0.082407405393;0.152777781503;2.728;0.0833333307463;0.152641475477
0.0833333302979;0.152777779433;2.699;0.0833333297115;0.152777772811
0.083333330022;0.152777781503;2.619;0.0833333317811;0.152777782469
0.0833333307118;0.152777777364;3.1228;0.0833333297115;0.15277777695
0.0833333306773;0.152777779433;2.6208;0.0833333307463;0.15277777695
0.0833333317466;0.152777779433;2.6676;0.0833333307463;0.152775307772
0.0824074059449;0.152777779433;2.652;0.0833333317811;0.152880727417
0.0814814790738;0.152777781503;2.6208;0.0833333307463;0.152787092935
0.0851851824533;0.152777783159;2.6052;0.0833333294011;0.15084065221
0.0842592576174;0.15347188587;2.574;0.0791666637071;0.150361110767
0.0787037014616;0.152777777364;2.6676;0.0833333307463;0.150277285388
0.0981481444711;0.150862353957;2.6208;0.0791666636037;0.146069510667
0.0990740704454;0.130582485348;2.808;0.148611113222;0.146236268183
0.10833332936;0.15342373194;2.6988;0.0791666631897;0.144931576594
0.0990740713422;0.135145969482;2.5272;0.162499996523;0.147061270144
0.106481476997;0.15276800303;2.6676;0.0833333288837;0.145531500655
0.129629624249;0.152638171696;2.652;0.0833333297115;0.142136074879
0.162037032484;0.137333563632;2.8236;0.161111108959;0.136888378748
0.17407406839;0.12523798479;2.652;0.244444434841;0.134760358819
0.137962960397;0.138121676942;2.7612;0.162499994453;0.140747166618
0.179629625546;0.111933933157;2.6052;0.284722215599;0.133335656038
0.194444437822;0.13969942679;2.8392;0.158333326379;0.131045617577
0.20185184396;0.127702634989;2.5584;0.216666653752;0.129417620185
0.208333328366;0.132902171463;2.5896;0.180555547277;0.128944144757
0.19444443796;0.125483902792;2.5116;0.245833320336;0.131702489323
0.226851845229;0.123438296219;2.6364;0.245833326545;0.126526386236
0.218518510185;0.124443588157;2.6676;0.245833330684;0.127670474626
0.234259250263;0.130036314742;2.6676;0.213888877796;0.124423713044
0.24722221066;0.122612023519;2.73;0.245833326545;0.120615459013
0.262037029973;0.099184770344;2.7456;0.377777767678;0.118534111452
0.279629621241;0.1099904668;2.73;0.302777772562;0.114434410438
0.284259251422;0.0848793157687;2.5272;0.455555544131;0.112362205292
0.299074068666;0.107741036349;2.6676;0.329166657395;0.108891701533
0.339814804218;0.113141047044;2.73;0.30138887672;0.102947197717
0.355555542089;0.0934147896866;2.7612;0.398611093561;0.10035361391
0.354629613183;0.0858791845126;2.7612;0.397222214275;0.0934076116041
0.400925909755;0.0597569783115;2.7612;0.479166653421;0.0745035020841
0.462962943647;0.0424312123408;2.6988;0.568055541979;0.0546886265554
0.535185161564;0.0549272849328;2.6676;0.447222210467;0.0455900042283
0.535185172602;0.0533611670964;2.7144;0.465277757082;0.0480416505425
0.553703679531;0.0355882132426;2.6364;0.669444418616;0.0449244913956
0.568518495118;0.0277853123326;2.6988;0.769444450736;0.043656633063
0.661111074465;0.0239478673062;2.7456;0.866666649779;0.0352191161019
0.683333317439;0.0212807538919;2.7924;0.855555565821;0.0340715136931
0.740740734118;0.0155468946581;2.6364;0.89444446067;0.0276149470635
0.837037025778;0.0233285313783;2.73;0.82777773175;0.0207401494047
0.823148142408;0.0187158061502;2.7768;0.848611111442;0.0215160856023
0.878703710106;0.00217871627279;2.6364;0.998611112436;0.0144464084275
0.828703701496;0.00180754092192;2.7144;0.995833312472;0.0213424783821
0.943518534855;0.0194998732251;2.73;0.848611078329;0.00783786867504
0.868518516973;0.000323652219878;2.73;1.0;0.0152364086049
0.885185196444;0.000445443601267;2.6676;1.0;0.0135635421353
0.956481484351;0.000203543036655;2.5896;1.0;0.00554483755129
0.95555557145;0.000444505533879;2.6988;1.0;0.00528915034159
0.802777767181;0.000533403303254;2.5896;1.0;0.0242486344952
0.97037035558;7.61407116746e-05;2.6832;0.999999991722;0.00401588476854
0.96944444599;0.000503415800065;2.6364;0.998611112436;0.0040717596766
0.889814805101;0.000127574755273;2.652;1.0;0.0142119730978
0.979629632499;4.81366382132e-06;2.7612;1.0;0.00318134408358
0.960185190042;1.99057577201e-05;2.6988;0.999999991722;0.00500954553718
0.9787036909;2.26236887784e-05;2.6364;1.0;0.00273994430124
0.936111091464;0.0161759945719;2.6052;0.851388894849;0.00843959439145
0.961111104047;1.39764351464e-05;2.73;0.999999991722;0.00530541640344
0.977777761442;1.47661989508e-05;2.6988;1.0;0.00240854024014
0.986111103385;0.0548996389326;2.7924;0.636111077335;0.00213590780644
0.911111103164;5.49181638989e-06;2.6988;1.0;0.0117936320333
0.987037032843;1.50411763045e-06;2.6052;1.0;0.00150698115613
0.986111102281;0.000100916258706;2.7144;1.0;0.0018544389793
0.899999980573;8.20668286426e-05;2.6832;1.0;0.0135583555341
0.981481471547;1.17673461362e-05;2.6208;1.0;0.0025511348315
0.984259253299;1.00017625816e-06;2.73;1.0;0.00191544604065
0.950925923056;1.45951529381e-06;2.6676;1.0;0.00647518842015
0.9861111078;1.67972766634e-07;2.652;1.0;0.00171635794632
0.975925927913;3.82793015616e-05;2.6988;1.0;0.00262875147274
0.975925911356;0.0416259569012;2.5428;0.733333314459;0.00311649045196
0.938888869904;7.52267829044e-06;2.6208;1.0;0.00857410067908
0.992592577581;1.28625572489e-07;2.6988;1.0;0.00120293637209
0.989814774858;2.58464386076e-06;2.652;0.999999991722;0.00101592914318
0.934259244689;1.24072766357e-07;2.652;0.999999991722;0.00868686387791
0.989814780377;6.39697935487e-08;2.6208;0.999999991722;0.00125767085572
0.994444416629;9.84133997387e-07;2.6208;1.0;0.000787419572858
0.994444433186;7.9321745567e-07;2.7144;1.0;0.000808795715986
0.975925904733;5.25815808394e-07;2.5896;0.999999991722;0.00289521132072
0.952777741132;6.34642974913e-07;2.6052;1.0;0.00637094099619
0.990740721976;1.84937243681e-05;2.6052;1.0;0.00104173651036
0.992592572062;4.68657594094e-05;2.6208;0.999999991722;0.00115021746576
0.987962941329;2.49985634415e-08;2.5584;1.0;0.00139003839528
0.998148111282;1.72429718729e-08;2.7612;1.0;0.000560429687808
0.932407383566;2.7936063663e-08;2.6988;1.0;0.0089153949854
0.9990740584;1.03552184902e-09;2.4804;0.999999991722;0.000296074815264
0.993518481652;1.46599163367e-07;2.6052;1.0;0.000784932376182
0.987962941329;1.15640490738e-08;2.7768;1.0;0.00179251128941
0.962037045647;2.84538703746e-07;2.6988;1.0;0.00482579692417
0.996296272234;2.64131065653e-08;2.511501;1.0;0.000497150705676
0.990740727495;3.05266731762e-09;2.745336;1.0;0.00126351171524
0.996296261196;3.30124823774e-09;2.636146;0.999999991722;0.000599285242296
0.986111086828;3.69175424878e-07;2.698541;1.0;0.00141920363165
0.994444438705;3.24498081665e-10;2.854525;0.999999983443;0.00074361209368
0.989814791414;1.51409805992e-07;2.573752;0.999999991722;0.0010860072272
0.98055553657;5.86422877657e-05;2.620548;0.999999991722;0.00240720152026
0.990740738533;4.30585366629e-07;2.620548;1.0;0.00139765568513
0.987962942432;4.00414191601e-06;2.651745;1.0;0.00128143789425
0.991666652538;2.25542397524e-09;2.573753;0.999999991722;0.000983925392533
0.995370341672;4.50769857404e-07;2.698541;1.0;0.000640386731094
0.992592566543;2.43596940674e-08;2.729737;1.0;0.0011501981299
0.976851841918;9.83831507659e-05;2.792132;0.998611104157;0.00304221702175
0.995370336153;3.16144451209e-10;2.69854;1.0;0.000740851278756
0.998148122319;4.94520061863e-07;2.682942;1.0;0.00035929159296
0.983333317218;2.0746934015e-09;2.682942;1.0;0.00190184425369
0.995370330634;1.3308640059e-09;2.589351;1.0;0.000671614044997
0.993518491586;5.33355214709e-07;2.573752;0.999999983443;0.000693419583513
0.976851826465;6.80102932242e-05;2.60495;1.0;0.00306183338549
0.988888861956;5.59032138048e-10;2.573753;1.0;0.00142630666619
0.999074047362;7.81546951462e-09;2.682942;1.0;0.000279888928869
0.993518491586;3.80004780675e-10;2.714139;1.0;0.000771013988401
0.998148127838;9.36044657777e-12;2.69854;1.0;0.000298123281372
0.975925895903;0.00698268021935;2.651745;0.948611151841;0.0033704151429
0.98611107579;4.49540593862e-09;2.698541;1.0;0.00186035826132
0.997222186239;4.95705117834e-08;2.745336;1.0;0.000400342447173
0.998148100244;8.53832762168e-11;2.651745;1.0;0.000248241558564
0.997222202796;8.17300721663e-10;2.69854;1.0;0.000298247084293
0.990740712042;3.99922619679e-08;2.589351;1.0;0.000918909434176
0.989814791414;1.77310164695e-09;2.636147;1.0;0.000955380847868
0.995370347191;2.79184669726e-09;2.667343;0.999999991722;0.000592613331685
0.993518497105;8.06744730529e-10;2.682942;1.0;0.000715414907366
0.994444417733;2.87507710205e-08;2.682942;1.0;0.000651509379513
0.989814791414;2.73108127751e-09;2.620548;0.999999991722;0.00116124376331
0.998148122319;1.4761705612e-09;2.729738;0.999999991722;0.000227757623684
0.985185188276;9.06901743219e-09;2.667343;1.0;0.00184399244049
0.9990740584;7.65213831791e-09;2.714139;1.0;0.000180106326432
0.993518475029;6.77871107892e-09;2.714139;1.0;0.000678575984429
0.996296266715;1.07675648981e-09;2.667344;1.0;0.000527446712666
0.997222202796;1.58071197738e-08;2.69854;1.0;0.000412729422082
0.993518497105;4.99711769059e-11;2.620548;1.0;0.000755065597399
0.997222191758;3.09092434786e-10;2.698541;1.0;0.00046915896526
0.997222197277;1.0856936788e-07;2.636147;1.0;0.000526660539722
0.9990740584;6.86266387795e-12;2.480161;1.0;0.000240515463188
0.998148123423;0.000610839245989;2.542556;0.995833337307;0.000296305483436
0.978703701938;2.44915236978e-12;2.745336;1.0;0.00289677602167
0.997222191758;9.84794328078e-13;2.620548;1.0;0.000304898424216
0.999999977924;3.17021526431e-12;2.480161;1.0;0.00011477573618
0.999074047362;4.38985101622e-12;2.714139;0.999999991722;0.00010944504364
0.999074041843;3.79881699208e-05;2.480162;1.0;0.000184241425608
0.995370341672;2.41211392251e-11;2.682942;0.999999991722;0.000704395205832
0.997222197277;3.172734407e-12;2.745336;0.999999991722;0.00032155376116
0.998148127838;5.69393676863e-10;2.69854;0.999999991722;0.00017924996129
0.985185178342;6.98367955597e-13;2.636147;1.0;0.00186702698075
0.994444416629;5.51602102813e-11;2.729737;0.999999991722;0.000560119605419
0.997222202796;1.30142507786e-11;2.714139;1.0;0.000410374852385
0.970370365514;1.95456841942e-10;2.729738;1.0;0.00385416961098
0.998148122319;1.00650861311e-10;2.667343;0.999999991722;0.000357765889267
0.995370363748;1.06273674363e-11;2.558154;1.0;0.000426045259481
0.99722218072;1.50943065125e-12;2.589351;1.0;0.000308965443478
0.998148116801;1.94511890085e-10;2.69854;0.999999991722;0.000144004821715
0.996296261196;4.62746669057e-11;2.573752;0.999999991722;0.000409290378766
0.996296272234;5.14686233986e-12;2.589351;1.0;0.000538329262411
0.988888866372;3.58200062403e-06;2.636147;1.0;0.00140112877519
0.991666642604;3.74725132627e-09;2.604949;1.0;0.00093354537595
0.996296277753;5.11702434504e-12;2.760935;1.0;0.000456381919297
0.997222197277;1.82289498724e-12;2.589351;1.0;0.000322591425501
0.995370347191;6.7383666977e-09;2.636147;0.999999991722;0.000704734363711
0.997222176305;1.96828965043e-07;2.682942;1.0;0.000270993129282
0.997222191758;1.65557355774e-07;2.651745;1.0;0.000389211516065
0.999999972405;2.90889483521e-11;2.542556;1.0;6.94881363293e-05
0.9990740584;3.11075439812e-12;2.667343;0.999999991722;0.00013418852794
0.998148122319;4.95716905907e-08;2.651745;1.0;0.000163852676313
0.986111080205;5.27169509811e-11;2.542556;1.0;0.00179266005382
0.998148117904;1.994558727e-11;2.714139;1.0;0.000317069756217
0.996296283272;2.28076729491e-12;2.589351;1.0;0.000335366250589
0.999074047362;4.39748426341e-13;2.667343;1.0;0.000125543955873
0.995370336153;5.95062960369e-11;2.729738;1.0;0.000627263298788
0.993518497105;8.48397604806e-11;2.714139;1.0;0.000828475589536
0.998148122319;1.12958646294e-09;2.573752;1.0;0.000167815533925
0.987962941329;3.30643434228e-13;2.589351;0.999999991722;0.00135346319273
0.997222191758;1.22741964196e-12;2.651745;1.0;0.000302298767001
0.999074041843;7.91403479629e-13;2.60495;1.0;0.000139721807124
0.996296266715;5.24892432375e-12;2.542555;1.0;0.000351711264355
0.999999966886;2.94658741452e-12;2.636147;1.0;3.81423900378e-05
0.998148127838;7.82617700799e-12;2.682942;1.0;0.000225915025695
0.998148138876;5.80649113262e-05;2.698541;1.0;0.00036427673806
0.993518502624;3.26093452558e-11;2.80773;1.0;0.00109119887485
0.995370347191;3.44622358542e-12;2.49576;1.0;0.00058960199498
0.999999977924;3.47950495013e-13;2.542555;1.0;6.98107484612e-05
0.999074052881;1.63047598634e-11;2.823329;1.0;0.000172666261169
0.990740738533;3.86167539165e-09;2.636147;1.0;0.00109475643202
0.996296266715;7.0970399373e-12;2.620548;1.0;0.00046639967359
0.997222186239;7.63179551943e-13;2.558154;1.0;0.000277687162655
0.999074052881;2.68450000541e-12;2.745336;1.0;0.000131020817359
0.999999966886;8.73787543861e-14;2.636146;1.0;5.54443033676e-05
0.999999966886;1.07235970171e-09;2.714139;1.0;5.62844419444e-05
0.97592592129;1.55732383361e-07;2.667344;1.0;0.00347334062223
0.995370348295;6.11204168123e-09;2.589351;0.999999991722;0.000637390571786
0.997222186239;2.01477807865e-09;2.589351;0.999999991722;0.000237318783292
0.999999972405;4.09380902669e-12;2.620548;1.0;3.91537240956e-05
0.995370341672;1.77089041179e-09;2.729737;1.0;0.000413360733944
0.998148127838;2.11980904202e-07;2.760934;0.999999991722;0.00029006445111
0.999074047362;7.73529043748e-14;2.682942;1.0;8.63992057926e-05
0.998148127838;1.30526586897e-07;2.667344;1.0;0.000287774528151
0.995370337257;2.5934383394e-14;2.69854;1.0;0.000616070275126
0.997222186239;3.02939762498e-08;2.636147;1.0;0.000270580032315
0.998148133357;1.77660288821e-14;2.589351;1.0;0.000292666061117
0.984259235638;3.94193251264e-14;2.636147;1.0;0.00232762230527
0.997222202796;1.18116503036e-12;2.69854;1.0;0.000286066698927
0.999074052881;6.08266986289e-07;2.589351;1.0;6.78003504411e-05
0.996296272234;3.40850323912e-13;2.714139;1.0;0.000382133710898
0.999074052881;4.08662451625e-12;2.682942;1.0;9.11575224612e-05
0.9990740584;2.83465476714e-12;2.729823;1.0;8.63901784267e-05
0.999074047362;2.42287069822e-14;2.745512;1.0;0.000122571593499
0.998148127838;2.078541767e-13;2.636315;0.999999991722;0.000315926351164
0.999074047362;1.35083275076e-11;2.636316;1.0;9.85749601573e-05
0.995370341672;3.75712598044e-14;2.745512;1.0;0.00061254044273
0.999074047362;5.18642407426e-15;2.776711;1.0;0.000175533972836
0.997222197277;4.8021532978e-15;2.698713;0.999999991722;0.000313318437887
0.994444416629;1.79283532238e-09;2.698714;1.0;0.000715373410451
0.993518502624;3.07234925017e-11;2.761111;1.0;0.000808730628207
0.999074052881;2.11238462551e-12;2.761111;1.0;0.000151741241858
0.999074063919;3.92654133563e-10;2.714313;1.0;5.51553853406e-05
0.99444441111;5.24936798439e-10;2.589517;1.0;0.000596582870482
0.999999988962;7.13397479938e-11;2.776711;0.999999991722;8.07670297023e-06
0.997222186239;8.81476150117e-11;2.589517;1.0;0.00034657977757
0.995370341672;5.68029294603e-13;2.745512;1.0;0.000582871549027
0.995370341672;5.91694742606e-08;2.698714;1.0;0.000652994250237
0.997222191758;2.27063832858e-08;2.698713;1.0;0.00026585355932
0.996296283272;1.70697003326e-05;2.729913;1.0;0.000484534077246
0.996296272234;1.46560396871e-12;2.636315;1.0;0.000448863373597
0.998148127838;1.18697363816e-12;2.605117;0.999999975165;0.000214869159038
0.997222197277;3.1173132103e-06;2.745512;0.999999991722;0.000382763019961
0.997222186239;3.98853349636e-12;2.667514;1.0;0.000405489786052
0.999999955848;2.50736130537e-13;2.605117;1.0;3.31210921561e-05
0.999999988962;4.19680423064e-11;2.605116;1.0;1.43531485713e-05
0.9925925831;5.77363169916e-12;2.667515;1.0;0.00086070588934
0.998148116801;3.0402503144e-13;2.527119;1.0;0.000258741089462
0.999074052881;4.31056494787e-09;2.636315;1.0;0.000210790956254
0.996296255677;4.98353271758e-10;2.527119;0.999999975165;0.000676354246797
0.987037010767;7.22634024223e-11;2.745512;1.0;0.00161308133662
0.998148122319;8.35993367085e-12;2.729912;1.0;0.000227724153576
0.999074052881;1.14239518063e-11;2.683114;1.0;0.000173901541737
0.978703680966;2.13196192384e-10;2.667514;1.0;0.00278717922988
0.99722218072;1.6153509953e-10;2.761112;1.0;0.00022062766203
0.993518497105;3.48121290307e-10;2.714313;1.0;0.000679182812967
0.999074047362;8.64866541639e-10;2.729912;1.0;0.00010335476338
0.996296250158;1.89648821996e-07;2.620716;0.999999991722;0.000484792841784
0.999999977924;4.66098030526e-10;2.729912;1.0;2.71264077259e-05
0.999999966886;1.05373569397e-12;2.636316;1.0;5.91038401148e-05
0.997222197277;1.07797794329e-11;2.714313;1.0;0.00038861313753
0.997222191758;3.3361298191e-07;2.573918;1.0;0.000271771767021
0.999074030806;2.91476040048e-12;2.683114;1.0;0.000158883355637
0.995370358229;9.70675409285e-06;2.698713;0.999999991722;0.000484186764791
0.996296283272;3.4352326233e-11;2.745512;0.999999991722;0.000538954758531
0.9990740584;2.10993190431e-13;2.667515;1.0;7.09827198737e-05
0.999074041843;4.3366316116e-13;2.667514;1.0;0.000169855207576
0.992592561024;8.4023309902e-10;2.729913;0.999999991722;0.000921382173165
0.996296272234;1.85653557133e-13;2.651915;1.0;0.00063976534339
0.999999977924;4.15026702613e-14;2.651915;1.0;7.61143416488e-05
0.999999977924;2.09698158903e-09;2.605116;1.0;0.000116601597459
0.99444441111;2.34960457949e-09;2.761112;1.0;0.000574843833144
0.999074052881;6.49663077937e-12;2.620716;1.0;0.000116933169636
0.998148116801;7.18555126784e-05;2.683114;0.998611112436;0.000273235019879
0.998148138876;4.5828891329e-09;2.745512;0.999999983443;0.000179835460306
0.99444441111;1.61890980235e-09;2.698714;1.0;0.000456697474503
0.994444416629;0.000140400115595;2.636315;0.998611112436;0.000957333173538
0.999999966886;2.12766512636e-07;2.605117;0.999999983443;8.56391941878e-06
0.999074041843;2.34945086337e-10;2.620716;1.0;0.000110560809178
0.999999972405;1.86276360722e-09;2.761111;1.0;3.04425984855e-05
0.9962962623;7.15309843264e-11;2.745512;1.0;0.000292273613853
0.999999988962;3.9974767937e-16;2.729913;1.0;2.76784544797e-05
0.997222202796;6.98958022614e-10;2.667515;0.999999991722;0.000428761831067
0.998148122319;3.21718151939e-14;2.80791;0.999999991722;0.000167435184113
0.999999988962;1.77692501637e-06;2.605117;1.0;2.94947586628e-05
0.995370337257;3.6624579686e-08;2.745512;1.0;0.000677870168931
0.996296261196;1.21536378569e-06;2.683114;1.0;0.000411454260767
0.999074052881;0.000113384166089;2.683114;0.998611104157;0.000206328506738
0.999999972405;3.82233423491e-05;2.636315;1.0;7.87545383721e-05
0.998148138876;1.16864393262e-10;2.714313;0.999999983443;0.000318790408254
0.997222191758;1.14543381635e-07;2.761112;1.0;0.000305238252336
0.999999977924;4.6476373565e-12;2.620716;1.0;5.44188230009e-05
0.998148127838;8.92514105179e-08;2.667514;1.0;0.000227821173726
0.99537035271;1.29318187186e-09;2.761112;1.0;0.000526998463613
0.999074030806;6.69653171299e-06;2.745512;0.999999991722;0.000178026541678
0.999074047362;6.66894208768e-10;2.698713;1.0;0.00014505868727
0.997222202796;2.81229870526e-07;2.714313;0.999999991722;0.00038162264345
0.999999988962;8.46606423027e-05;2.51152;0.998611112436;5.4766822725e-05
0.997222191758;0.000231707984717;2.698713;0.998611112436;0.000295298955815
0.999074036324;2.20810060284e-06;2.761112;1.0;0.000227382662619
0.993518497105;1.55632620893e-13;2.558318;0.999999991722;0.000914578275129
0.999074030806;5.43842929804e-12;2.620716;1.0;0.000205771448385
0.999999988962;8.76092579326e-05;2.683114;0.998611112436;4.30335172507e-05
0.999999966886;7.85534548796e-05;2.745512;0.998611112436;3.67233491271e-08
0.992592556609;8.99611358778e-10;2.558318;1.0;0.00105330101907
0.997222213833;8.0287318666e-16;2.776711;1.0;0.000360086829696
0.998148116801;2.4561247754e-12;2.636315;1.0;0.000209674470942
0.9990740584;2.78918067028e-11;2.714313;1.0;0.000154019970619
0.999999972405;4.11245330179e-11;2.667514;1.0;2.50083982187e-05
0.999074047362;6.64614108176e-11;2.573918;1.0;0.000165465297558
0.999999961367;9.03385884764e-13;2.667514;0.999999991722;2.54549001273e-05
0.999999966886;1.92995287982e-11;2.729913;0.999999991722;3.59998173606e-06
0.985185171719;3.1246278688e-06;2.698713;1.0;0.00197560179438
0.997222202796;4.3421247808e-09;2.698714;0.999999991722;0.000368664337077
0.998148122319;6.53024302363e-08;2.667514;0.999999991722;0.000302789658598
acc;loss;time;val_loss;val_acc
0.0879629591687;0.14346032976;5.165;0.154166664928;0.0749999975993
0.0898148120139;0.15152859881;2.624;0.154166662859;0.0749999975993
0.0888888844185;0.151271709413;2.573;0.154071832697;0.0749999975993
0.0842592560997;0.151696613541;2.572;0.152777777364;0.0833333307463
0.0833333307118;0.15277777695;2.515;0.152777785642;0.0833333307463
0.0833333292976;0.152730063984;2.626;0.152777779433;0.0833333297115
0.0740740727633;0.152263360443;2.465;0.152777775294;0.0833333297115
0.0731481455473;0.151428672175;2.534;0.151157403986;0.0930555507334
0.0777777746596;0.152859637307;2.587;0.151157403986;0.0930555507334
0.0768518482714;0.150143565679;2.583;0.152777781089;0.0833333309533
0.0712962945302;0.152078021456;2.625;0.15277777902;0.0833333319881
0.0888888846945;0.147759972623;2.566;0.152777781089;0.0833333299185
0.0796296260906;0.148886289034;2.624;0.152777781089;0.0833333319881
0.0842592563066;0.148680718685;2.709;0.150842019253;0.0930555507334
0.0925925887983;0.146628778566;2.616;0.146449183838;0.0749999965645
0.110185180825;0.14410541041;2.65;0.151157408125;0.0930555507334
0.0851851825913;0.149632319532;2.595;0.152773225473;0.0833333299185
0.103703700696;0.145715031083;2.61;0.116235488405;0.176388880445
0.0861111093588;0.149833603314;2.651;0.150608169122;0.0930555507334
0.0944444410572;0.148424763922;2.662;0.144215115243;0.108333329567
0.113888885412;0.144190906926;2.608;0.152629839463;0.0833333299185
0.112037034636;0.144157846493;2.547;0.139090371215;0.16249999404
0.146296292267;0.138904660112;2.588;0.134396455354;0.158333331553
0.131481476404;0.140604422048;2.517;0.130031539748;0.176388880445
0.128703700999;0.141178623394;2.585;0.120113611842;0.213888881935
0.141666664707;0.138971156268;2.656;0.136453818737;0.176388878375
0.140740735387;0.139585347363;2.727;0.138043090287;0.158333331553
0.18240740302;0.132237632104;2.666;0.134584755533;0.158333329484
0.204629626815;0.126466963026;2.482;0.102767072825;0.320833327042
0.254629623007;0.115985216918;2.64;0.0904869505515;0.408333319757
0.317592580561;0.105230927881;2.531;0.090682292978;0.406944432192
0.334259251202;0.101409821875;2.629;0.0925652107431;0.408333323896
0.384259247669;0.0837351957129;2.622;0.0602430017251;0.324999987665
0.379629615832;0.0638467990276;2.532;0.0481223873794;0.568055533701
0.400925905892;0.0605787937012;2.479;0.0473188866551;0.562499973509
0.501851842359;0.0513091920013;2.521;0.0415576473913;0.583333298564
0.5546296123;0.0467205985139;2.53;0.0510978554893;0.593055519793
0.576851838165;0.0449246647595;2.633;0.0274885895972;0.769444392787
0.676851834412;0.0364683026931;2.672;0.0296705030422;0.763888859087
0.679629619475;0.0355622315503;2.606;0.0337390028872;0.699999963244
0.742592597449;0.0275976501267;2.553;0.0141664492742;0.980555564165
0.724999986313;0.0301799055327;2.534;0.0167873149427;0.844444448749
0.803703688913;0.0216015513503;2.595;0.0166746396054;0.879166670971
0.805555548933;0.0224970686249;2.573;0.0085072129732;0.936111153828
0.878703710106;0.0129134388882;2.605;0.0035711316547;0.998611104157
0.835185179004;0.0191282766906;2.586;0.011106788724;0.925000021855
0.882407404758;0.0131933601159;2.544;0.00465954415914;0.987500003643
0.875925940496;0.0146561110202;2.53;0.000771902213779;0.999999991722
0.841666664238;0.0178143269796;2.604;0.00101382378812;1.0
0.94074076966;0.00755190889834;2.605;0.000552462390867;0.998611112436
0.867592604072;0.0151429998481;2.519;0.000574261889495;1.0
0.92222224783;0.00863375906246;2.632;0.00308110812976;0.968055577742
0.938888882045;0.00740231696896;2.538;0.0026885169597;0.994444441464
0.844444472481;0.019523900718;2.589;0.000768037242273;0.998611095879
0.946296332059;0.0066105647323;2.511;0.000475705900196;0.998611104157
0.952777807359;0.00644521425582;2.629;6.06342749355e-05;0.999999983443
0.849074103214;0.0182015813318;2.555;0.000106676036669;0.999999991722
0.951851876797;0.00636483045485;2.568;3.58321913407e-05;1.0
0.962962970689;0.00501630526398;2.577;4.1076551775e-05;0.999999991722
0.959259289282;0.00552587292623;2.733;0.0256453945508;0.808333329029
0.929629642654;0.00920072118579;2.64;0.000189249737919;0.998611112436
0.962037052269;0.00505074938;2.478;0.0002463943365;0.998611104157
0.862037042777;0.017125779709;2.652;0.00018335057305;0.998611112436
0.962962977312;0.00467033848097;2.714;0.000103256607594;1.0
0.964814837332;0.00483387228127;2.644;0.000175651869419;0.998611104157
0.962962982831;0.00468987849955;2.54;0.000265399505426;0.998611095879
0.914814825411;0.0111079883624;2.675;0.000457275580629;0.999999991722
0.94907409615;0.00559778076045;2.624;1.23150253854e-05;0.999999991722
0.966666688522;0.00391643861399;2.552;8.58966872702e-06;0.999999975165
0.961111137161;0.00461067774557;2.617;0.00045359463992;0.999999991722
0.918518536621;0.00989320852225;2.544;0.00028190565859;0.998611104157
0.974074076723;0.00367482518346;2.67;9.43465877307e-05;0.998611104157
0.974074077827;0.0034135262594;2.55;6.21770664364e-05;1.0
0.973148163822;0.00361652966778;2.559;0.00184896583707;0.988888891207
0.920370386706;0.0107145314536;2.593;0.00012247936331;0.998611104157
0.976851873928;0.00303360217044;2.607;3.16880915456e-05;0.999999991722
0.921296313957;0.00925790272325;2.433;0.00400596772346;0.969444448749
0.95648151305;0.0049800298789;2.563;1.82453357985e-05;1.0
0.972222227741;0.00269107300334;2.705;3.47285559504e-05;0.999999983443
0.968518538607;0.00334168446069;2.503;1.15590706089e-05;0.999999983443
0.975925943366;0.00280901181503;2.566;0.000127325269734;0.998611112436
0.912037044764;0.0109771309696;2.574;0.000162115490084;0.998611095879
0.966666688522;0.00404871998493;2.6;1.10680847677e-06;1.0
0.977777794555;0.00311228677553;2.555;0.000182092494886;0.998611104157
0.968518543023;0.00405688018698;2.528;0.000193097031233;0.998611112436
0.962962977312;0.00472489689451;2.683;0.000204474777933;0.998611112436
0.974074087761;0.00314161556027;2.535;0.000214246793177;0.998611112436
0.952777800737;0.00630432517425;2.596;0.000195948504194;0.998611104157
0.981481493623;0.00242217085219;2.579;9.98586887271e-05;0.998611104157
0.984259264337;0.00204408631005;2.581;0.000230173274623;0.998611104157
0.975000008389;0.00305694659861;2.552;0.000229565204885;0.998611104157
0.986111113319;0.00186460575733;2.609;0.000219400756064;0.998611104157
0.975000013908;0.0034136456134;2.524;6.20602977515e-05;0.998611112436
0.987037043881;0.00227222162734;2.549;0.000197991664636;0.998611112436
0.936111109124;0.00823891222912;2.492;0.000177704170975;0.998611104157
0.984259269856;0.00225986761507;2.551;0.000166531773452;0.998611112436
0.981481494727;0.00194077381794;2.652;8.29914037493e-05;0.998611112436
0.983333349228;0.00221461185073;2.631;4.09978142188e-07;1.0
0.968518526466;0.00389086769536;2.482;9.74975617042e-05;0.998611112436
0.98240741977;0.00232753058999;2.568;1.66696893225e-05;0.999999991722
0.977777783517;0.00269592221378;2.579;0.000155195096497;0.998611112436
0.981481494727;0.00183988053727;2.521;0.00021495017285;0.998611104157
0.975925927913;0.00297756488645;2.545;0.0276928237743;0.798611099521
0.946296314398;0.00679220149026;2.559;0.000177987708918;0.998611095879
0.988888899485;0.00144029077718;2.605;0.000115017422193;0.998611112436
0.984259258818;0.00180200866156;2.588;6.29848389942e-06;0.999999991722
0.991666669095;0.00111871147695;2.593;0.000152507746877;0.998611104157
0.96388890677;0.00420129134242;2.683;0.000191350366183;0.998611104157
0.992592599657;0.00127125366352;2.64;0.000161955345333;0.9986110876
0.982407418666;0.00198413429502;2.556;4.32282832869e-07;0.999999991722
0.984259274271;0.00223565737165;2.692;0.000153552163206;0.998611104157
0.968518543023;0.00377016550866;2.639;5.05639135251e-05;0.999999983443
0.983333328256;0.00186456790942;2.568;6.93863104898e-06;0.999999991722
0.980555569684;0.00216062552338;2.592;0.000538576278915;0.997222216593
0.968518515428;0.00395576760393;2.525;0.000169452023606;0.998611104157
0.989814824528;0.00151749646338;2.586;0.000210042296034;0.998611104157
0.98981481349;0.00141019780117;2.562;5.76940302857e-07;1.0
0.988888899485;0.00150607392775;2.526;0.000213142926567;0.998611104157
0.991666674614;0.00105136540057;2.601;0.000199538958366;0.9986110876
0.982407424185;0.00212364065306;2.55;0.00163071931739;0.986111122701
0.97685186289;0.0026160286512;2.637;0.0001395462448;0.998611095879
0.987962964508;0.00136407210158;2.521;1.09659286994e-05;0.999999983443
0.983333349228;0.00218940863528;2.506;9.18844265625e-05;0.998611104157
0.974074082242;0.00295019730024;2.651;6.65939867467e-05;0.998611112436
0.991666674614;0.000828116689516;2.585;0.000145062367423;0.998611104157
0.983333344813;0.0018283680671;2.569;3.99618786594e-06;1.0
0.991666674614;0.000999898215889;2.536;0.000229643103535;0.998611112436
0.990740739637;0.00121375189811;2.543;0.000199853594809;0.998611104157
0.988888893966;0.0015508751971;2.487;0.000240311560713;0.9986110876
0.987962974442;0.00154909739137;2.635;1.51684159326e-05;0.999999991722
0.987962963404;0.00168662060807;2.598;0.000233913395041;0.9986110876
0.990740738533;0.0011144765352;2.689;5.39840810802e-05;0.999999991722
0.971296301594;0.00320656538005;2.624;1.28426428695e-06;1.0
0.991666663576;0.000963075717765;2.617;3.13110569674e-05;1.0
0.991666670199;0.000851268754492;2.7;0.000173129600056;0.998611112436
0.987037043881;0.00140049841085;2.537;0.000174075979956;0.998611104157
0.987037049399;0.00116795643946;2.544;0.000230558645005;0.998611112436
0.973148162718;0.00352340399441;2.634;0.000230694414393;0.998611104157
0.990740744052;0.00113283934974;2.624;0.000227567560336;0.998611104157
0.990740745156;0.00125489964935;2.655;0.00347044811093;0.965277800957
0.975925937847;0.00254364932146;2.657;6.88954127549e-05;0.998611112436
0.992592594138;0.00115487771156;2.625;4.98319916404e-05;0.999999991722
0.974074088865;0.00330429753888;2.6;0.000186827650311;0.998611112436
0.992592594138;0.000981923668926;2.664;0.000209113269615;0.998611112436
0.992592599657;0.00101164062592;2.649;0.000227352713199;0.998611112436
0.993518519181;0.000839929819954;2.686;0.000230455377575;0.9986110876
0.985185199314;0.00169568835392;2.519;0.000171642692886;0.998611104157
0.987037044984;0.00150869217894;2.687;0.00022190716578;0.9986110876
0.9935185247;0.000896513350468;2.615;0.000198392144756;0.998611112436
0.994444449743;0.000986308758995;2.64;0.00028307357024;0.997222216593
0.990740745156;0.00106096708057;2.652;0.000148325954198;0.998611104157
0.992592599657;0.00109710111448;2.665;0.000231292148324;0.998611104157
0.991666669095;0.00108995117248;2.564;0.000231479150922;0.998611112436
0.958333330022;0.00541673319633;2.585;0.000226193927039;0.998611095879
0.988888899485;0.00137896352308;2.559;0.000231494907465;0.998611104157
0.9935185247;0.00100674504316;2.67;0.000231423108729;0.998611104157
0.987037049399;0.00169989015046;2.615;0.000229977841769;0.998611104157
0.996296294309;0.00060013733685;2.692;0.000228373096779;0.998611104157
0.987962970027;0.00141152145332;2.528;0.000218744060703;0.998611112436
0.995370369267;0.000837262543495;2.442;0.000230859360705;0.998611095879
0.987037049399;0.0015138708062;2.6;0.000231371789583;0.998611112436
0.993518520285;0.000912481198072;2.627;0.000229754146772;0.998611104157
0.987962964508;0.00149818032196;2.533;0.000206350985486;0.998611104157
0.988888889551;0.00154032906101;2.589;5.0786700801e-08;0.999999991722
0.989814819009;0.00150301266155;2.6;0.000215658476424;0.998611104157
0.989814814594;0.0012495078085;2.569;0.000193567671509;0.998611112436
0.995370369267;0.00065366023304;2.495;0.000225414826521;0.998611112436
0.984259263233;0.00184264683789;2.587;0.000224564903438;0.998611112436
0.992592599657;0.000979711976596;2.507;0.00019104948204;0.998611112436
0.986111124357;0.0016586322567;2.641;0.000218173999157;0.998611112436
0.988888899485;0.00149140608567;2.567;0.000230805078963;0.998611104157
0.996296299828;0.0006638193686;2.627;0.000188638446478;0.998611104157
0.984259274271;0.00189984567152;2.58;0.000194828799476;0.998611104157
0.996296288791;0.000652241246388;2.503;4.63437577447e-05;1.0
0.992592595242;0.000904432204118;2.58;0.000229696373963;0.998611095879
0.995370369267;0.000804269998534;2.506;0.000231616440668;0.998611095879
0.977777789036;0.00271675649802;2.518;0.000231474822153;0.998611095879
0.995370374786;0.000843121926934;2.572;0.000207667222319;0.998611095879
0.992592599657;0.000837757950025;2.627;0.000152742482687;0.998611112436
0.990740744052;0.00120582856654;2.426;0.00022857860109;0.9986110876
0.993518509247;0.000936653881543;2.588;0.000148665252151;0.998611104157
0.984259269856;0.00170053688311;2.555;0.000231310425303;0.998611112436
0.992592584204;0.000885924927422;2.552;0.000164050809719;0.998611112436
0.987037049399;0.001416012731;2.57;0.00023140283908;0.998611104157
0.991666674614;0.00116636663005;2.57;0.000231382361032;0.998611104157
0.991666659161;0.00119665429516;2.647;0.000306019774667;0.997222224871
0.995370369267;0.000739968575578;2.677;0.000231331932825;0.998611095879
0.992592594138;0.000941655201637;2.608;0.0002315167454;0.998611112436
0.985185188276;0.00174389646337;2.644;0.000231346321055;0.998611095879
0.992592589723;0.000968920976073;2.457;0.000184904322566;0.998611112436
0.992592594138;0.00116632505658;2.504;0.000230131669089;0.998611104157
0.991666669095;0.00120800013718;2.647;0.000231470031372;0.998611112436
0.989814820113;0.0011321355371;2.594;0.000230702190941;0.998611104157
0.992592599657;0.00124255989808;2.613;0.000225450874654;0.998611095879
0.9935185247;0.000897101685905;2.528;0.000230523041617;0.998611112436
0.995370374786;0.000650354136;2.615;0.000219652618782;0.998611112436
0.98055556858;0.00236308055032;2.626;5.19853800663e-05;0.999999991722
0.994444444224;0.00078821636113;2.66;0.00023127585399;0.998611104157
0.9935185247;0.000656888988875;2.606;0.000226886378499;0.998611104157
0.991666669095;0.00119993518995;2.57;0.000229534369438;0.998611104157
0.9935185247;0.000696141461404;2.649;0.000197404004814;0.998611095879
0.989814824528;0.00133858933198;2.67;0.000200660707267;0.998611095879
0.987962974442;0.00167529219524;2.586;1.9964542234e-06;0.999999975165
0.996296294309;0.000481566038313;2.544;5.143276696e-05;0.999999983443
0.989814814594;0.00137401735234;2.551;0.000228354348445;0.998611112436
0.989814820113;0.00108627402423;2.616;0.000213085886866;0.998611104157
0.994444444224;0.000900798168678;2.62;0.00022155077816;0.998611112436
0.98518518938;0.00181388942326;2.593;0.000231272062456;0.998611104157
0.997222219352;0.000439872077525;2.514;0.000220016236426;0.998611104157
0.985185193795;0.00176742830539;2.669;0.000231346026708;0.998611112436
0.991666674614;0.00100688313818;2.578;8.28954686722e-07;0.999999975165
0.9935185247;0.000887383487477;2.612;0.000231474083381;0.998611104157
0.995370374786;0.000543270949779;2.61;0.000230091700253;0.998611112436
0.994444439809;0.000830241130113;2.603;0.00149775545772;0.990277777116
0.991666674614;0.00106805490699;2.567;0.000232559232203;0.998611079322
0.983333349228;0.00182841232963;2.587;8.49704264588e-05;0.998611112436
0.992592599657;0.000855229221955;2.725;0.000160468952948;0.998611112436
0.987962968923;0.00151289328568;2.569;0.000231422233013;0.998611112436
0.985185199314;0.00141875374;2.652;0.000173914957404;0.998611095879
0.9935185247;0.000865519495198;2.63;0.00023122911222;0.998611104157
0.995370374786;0.000669415580045;2.635;0.000172902500639;0.998611104157
0.987962974442;0.00149687073817;2.62;3.98946753203e-07;0.999999991722
0.991666674614;0.000977142070631;2.661;0.000208426697313;0.998611095879
0.992592594138;0.00110061322037;2.614;0.000232422712625;0.998611112436
0.996296295413;0.000431411519963;2.599;0.000220623413005;0.998611112436
0.986111113319;0.00166438862511;2.595;0.000217882103376;0.9986110876
0.992592595242;0.00105382581803;2.652;0.000230135503407;0.998611104157
0.995370374786;0.000655452307239;2.552;0.000229569973387;0.998611112436
0.994444449743;0.00090104451832;2.606;0.000231481575427;0.998611095879
0.989814824528;0.00106000647793;2.583;0.000234805060164;0.998611104157
0.994444445327;0.000597303766376;2.589;0.000228315982616;0.998611112436
0.993518514766;0.000777599425396;2.633;0.00023148354637;0.9986110876
0.996296299828;0.000519077942019;2.347;0.000231487430289;0.998611104157
0.990740744052;0.00113908648356;2.604;0.000231482239685;0.998611095879
0.979629643537;0.00212756309338;2.654;0.000231480700018;0.998611104157
0.991666674614;0.0010646005405;2.669;0.000231480324676;0.998611104157
0.992592599657;0.000780978309733;2.579;0.000231451070104;0.998611104157
0.997222224871;0.00035826369804;2.55;0.000231462389527;0.998611112436
0.994444449743;0.000731031259867;2.547;0.000171480103887;0.998611095879
0.986111118838;0.00158929274309;2.552;0.000448539773617;0.997222208314
0.993518514766;0.000704162240254;2.573;0.000231035736518;0.998611112436
0.994444445327;0.000666978748382;2.639;0.000231456208065;0.998611112436
0.992592595242;0.000800876237222;2.494;0.000231471005395;0.998611095879
0.993518514766;0.000810790569483;2.571;0.000231612521886;0.998611095879
0.991666674614;0.000956400874543;2.573;0.000224498274472;0.998611112436
0.989814824528;0.00144903082347;2.678;0.000230550255497;0.998611095879
0.993518519181;0.00073190701042;2.64;0.00023108572881;0.998611104157
0.996296299828;0.00045035958838;2.548;0.000231476390371;0.998611104157
0.991666674614;0.000954859637223;2.602;0.000225963978485;0.998611104157
0.9935185247;0.000837231593803;2.611;0.000231387431039;0.998611104157
0.996296288791;0.000482565313295;2.582;0.000232340880868;0.998611104157
0.996296299828;0.00064377757459;2.604;0.000231469216495;0.998611104157
0.996296299828;0.000708265223522;2.602;0.000213931895512;0.998611112436
0.993518519181;0.000782631502126;2.71;0.000534994440336;0.997222224871
0.992592599657;0.000949066602684;2.544;0.000223445324636;0.998611112436
0.9935185247;0.000983906630634;2.612;0.000216593451099;0.998611112436
0.994444449743;0.000789065398681;2.681;0.000231481766928;0.998611104157
0.996296299828;0.000447513854304;2.555;0.000231413296594;0.998611104157
0.996296294309;0.000625488704543;2.631;0.000231459028711;0.998611112436
0.992592599657;0.000987415882091;2.617;0.00023119958522;0.998611104157
0.993518519181;0.000696576595303;2.614;0.000224895311028;0.998611112436
0.991666670199;0.000860700826828;2.586;0.000231313723418;0.998611112436
0.992592599657;0.000901124822997;2.566;0.000231225266125;0.998611112436
0.995370369267;0.000721990808668;2.474;0.000228648739717;0.998611112436
0.9935185247;0.000837863318467;2.622;0.000218011038075;0.998611104157
0.993518520285;0.000810585231679;2.645;0.00407539180984;0.965277792679
0.982407408732;0.00243818832617;2.673;0.000224735603841;0.998611112436
0.998148145499;0.000277377480493;2.576;0.000225739546327;0.998611104157
0.995370374786;0.000632544448771;2.628;0.000231480809639;0.998611112436
0.995370374786;0.000608057005323;2.636;0.000231477578992;0.998611104157
0.995370374786;0.000799791358818;2.595;0.000231083584604;0.998611095879
0.985185178342;0.00175794377329;2.56;0.000225997978288;0.998611095879
0.987962968923;0.00129232615424;2.644;0.000233738639351;0.998611095879
0.997222224871;0.000302976958513;2.747;0.000231484024997;0.998611095879
0.992592594138;0.000851584525258;2.626;0.000226474191044;0.998611104157
0.996296288791;0.000469459148497;2.611;0.000231261009508;0.998611104157
0.991666674614;0.00110692246785;2.553;0.000174582568734;0.998611104157
0.993518519181;0.000743416140518;2.565;0.000226164087086;0.998611095879
0.996296299828;0.000423314325265;2.511;0.000231217420586;0.9986110876
0.994444449743;0.000477126944739;2.67;8.26949331876e-06;0.999999991722
0.989814820113;0.00129670604292;2.752;0.000231481296711;0.998611095879
0.994444449743;0.00072713145274;2.588;0.00023053498651;0.998611104157
0.98240741977;0.00188837242271;2.605;0.000231466729791;0.998611104157
0.991666674614;0.00113777414582;2.515;0.000231388678799;0.998611112436
0.994444449743;0.000559467707279;2.597;0.000231471418088;0.998611112436
0.989814824528;0.00136418092451;2.687;0.000231469586868;0.998611095879
0.991666674614;0.00101870016705;2.612;0.000231544270724;0.998611112436
0.994444449743;0.000509241652273;2.581;0.000231358187354;0.998611104157
0.994444449743;0.000734281391235;2.557;0.000231368209356;0.998611112436
0.992592599657;0.000889288108207;2.578;0.000229554386431;0.9986110876
0.989814819009;0.00106876573395;2.56;0.000231481322132;0.998611112436
0.995370374786;0.000598632647367;2.491;0.000225963040657;0.998611104157
0.995370374786;0.000507405786127;2.555;0.00023006806082;0.998611104157
0.988888893966;0.00160181253181;2.576;0.000231426159164;0.998611112436
0.993518519181;0.000730176789956;2.642;0.000164152556305;0.998611112436
0.987037043881;0.00138188387782;2.614;0.000224203428414;0.998611095879
0.995370374786;0.000639308639401;2.566;0.000231501197702;0.998611112436
0.996296299828;0.000627501491231;2.651;0.000231452849657;0.998611104157
0.991666670199;0.000828143534692;2.602;0.000231425345898;0.998611112436
0.9935185247;0.000689110438543;2.635;0.000231341417074;0.998611104157
acc;loss;time;val_loss;val_acc
0.0787036998404;0.14728943976;2.906;0.151157406055;0.0930555507334
0.0768518496857;0.153858016211;2.53;0.151157410194;0.0930555507334
0.0768518499616;0.153857894242;2.515;0.151157410194;0.0930555507334
0.0749999970474;0.153720400952;2.528;0.151157403986;0.0930555507334
0.0768518491338;0.153858025593;2.568;0.151157406055;0.0930555517682
0.0768518495822;0.153858025593;2.582;0.151157406055;0.0930555507334
0.0768518499616;0.153858025593;2.604;0.151157408125;0.0930555507334
0.0768518498581;0.153858026973;2.579;0.151157410194;0.0930555507334
0.0768518486509;0.153858017314;2.636;0.151157410194;0.0930555507334
0.0768518503755;0.153858026973;2.504;0.151157408125;0.0930555517682
0.0768518492028;0.153858025593;2.524;0.151157410194;0.0930555507334
0.07685184803;0.153858025593;2.621;0.151157410194;0.0930555507334
0.0768518494442;0.153858028352;2.589;0.151157408125;0.0930555507334
0.0768518489268;0.153858025593;2.653;0.151157406055;0.0930555507334
0.0768518488578;0.153858022833;2.608;0.151157408125;0.0930555507334
0.0768518475471;0.153858028352;2.635;0.151157406055;0.0930555507334
0.0768518490648;0.153858031112;2.601;0.151157408125;0.0930555507334
0.0768518488923;0.153858024213;2.618;0.151157414334;0.0930555507334
0.0768518487198;0.153858024213;2.585;0.151157408125;0.0930555507334
0.0768518498926;0.153858029732;2.643;0.151157406055;0.0930555517682
0.0768518483404;0.153858026973;2.726;0.151157403986;0.0930555507334
0.0768518497547;0.153858025593;2.541;0.151157414334;0.0930555507334
0.0768518498236;0.153858026973;2.634;0.151157406055;0.0930555507334
0.0768518486854;0.153858025593;2.626;0.151157406055;0.0930555507334
0.0768518485129;0.153858025593;2.478;0.151157406055;0.0930555507334
0.076851848168;0.153858026973;2.611;0.151157406055;0.0930555507334
0.0768518492028;0.153858024213;2.51;0.151157406055;0.0930555507334
0.0768518493407;0.153858025593;2.633;0.151157410194;0.0930555507334
0.0768518487543;0.153858029732;2.644;0.151157408125;0.0930555507334
0.076851848099;0.153858026973;2.613;0.151157403986;0.0930555507334
0.0768518483059;0.153858028352;2.669;0.151157408125;0.0930555507334
0.0768518502721;0.153858028352;2.517;0.151157408125;0.0930555507334
0.0768518491338;0.153858025593;2.657;0.151157406055;0.0930555507334
0.076851850479;0.153858025593;2.595;0.151157410194;0.0930555507334
0.0768518482369;0.153858024213;2.59;0.151157406055;0.0930555507334
0.0768518488233;0.153858026973;2.64;0.151157403986;0.0930555507334
0.0842592561686;0.152607533943;2.574;0.152777783159;0.0833333309533
0.0833333320571;0.152777778606;2.582;0.152777783159;0.0833333304359
0.0833333311258;0.152777779709;2.672;0.152777783159;0.0833333309533
0.0833333289872;0.15277777833;2.527;0.15277777902;0.0833333288837
0.0768518494097;0.153496248855;2.594;0.152777783159;0.0833333309533
0.0833333307118;0.15275756932;2.559;0.15277777902;0.0833333299185
0.0833333321606;0.152777786608;2.619;0.152777783159;0.0833333309533
0.0833333290561;0.15277777833;2.506;0.152777781089;0.0833333309533
0.0833333316776;0.152777781089;2.611;0.152777783159;0.0833333309533
0.0833333311258;0.152777779709;2.628;0.15277777902;0.0833333299185
0.0833333302289;0.152777781089;2.584;0.152777781089;0.0833333299185
0.0833333295391;0.15277777833;2.552;0.152777783159;0.0833333309533
0.0833333316087;0.152777779709;2.553;0.15277777902;0.0833333309533
0.0833333307118;0.152777779709;2.697;0.15277777902;0.0833333309533
0.0833333287112;0.152777779709;2.62;0.152777781089;0.0833333299185
0.083333329746;0.152777781089;2.515;0.15277777902;0.0833333299185
0.0833333314707;0.15277777695;2.528;0.152777781089;0.0833333309533
0.083333329953;0.15277777833;2.56;0.152777781089;0.0833333299185
0.083333329884;0.152777779709;2.657;0.152777781089;0.0833333319881
0.0833333325745;0.152777781089;2.583;0.152777783159;0.0833333299185
0.0833333318156;0.15277777695;2.589;0.15277777902;0.0833333319881
0.083333329746;0.152777779709;2.594;0.15277777902;0.0833333299185
0.0833333307118;0.15277777833;2.594;0.152777781089;0.0833333319881
0.0833333312637;0.15277777833;2.633;0.15277777902;0.0833333309533
0.0833333304359;0.152777779709;2.599;0.152777783159;0.0833333309533
0.0833333307118;0.15277777833;2.527;0.152777783159;0.0833333288837
0.0833333311258;0.152777781089;2.609;0.15277777902;0.0833333299185
0.0833333329194;0.152777779709;2.632;0.152777781089;0.0833333299185
0.0833333293321;0.15277777557;2.539;0.152777781089;0.0833333309533
0.0833333309188;0.15277777557;2.593;0.152777781089;0.0833333309533
0.0833333307808;0.152777779709;2.562;0.15277777902;0.0833333309533
0.083333329746;0.15277777833;2.561;0.152777781089;0.0833333294011
0.083333329953;0.152777781089;2.582;0.152777781089;0.0833333309533
0.0833333311258;0.15277777695;2.626;0.15277777902;0.0833333299185
0.0833333302979;0.15277777833;2.409;0.15277777902;0.0833333319881
0.0833333295391;0.152777781089;2.535;0.152777781089;0.0833333319881
0.0833333303669;0.152777782469;2.634;0.152777781089;0.0833333319881
0.0833333285043;0.152777781089;2.527;0.15277777902;0.0833333304359
0.0833333314707;0.152777781089;2.522;0.152777781089;0.0833333288837
0.0833333313672;0.152777782469;2.495;0.152777783159;0.0833333309533
0.083333330091;0.152777782469;2.565;0.15277777902;0.0833333299185
0.0833333310913;0.152777783849;2.574;0.15277777902;0.0833333288837
0.0833333312292;0.152777782469;2.649;0.152777781089;0.0833333319881
0.0833333309878;0.152777782469;2.724;0.15277777902;0.0833333309533
0.0833333290561;0.152777779709;2.754;0.152777781089;0.0833333309533
0.0833333305394;0.152777779709;2.709;0.152777781089;0.0833333299185
0.0833333290561;0.152777779709;2.655;0.15277777902;0.0833333288837
0.0833333290906;0.15277777833;2.586;0.15277777902;0.0833333309533
0.0833333290561;0.15277777833;2.574;0.152777781089;0.0833333299185
0.0833333312982;0.15277777833;2.673;0.152777781089;0.0833333309533
0.0833333286422;0.152777779709;2.54;0.15277777902;0.0833333309533
0.0833333311258;0.152777779709;2.549;0.152777781089;0.0833333309533
0.0833333305049;0.152777783849;2.52;0.15277777902;0.0833333319881
0.0833333314017;0.152777781089;2.615;0.152777783159;0.0833333309533
0.0833333320916;0.152777781089;2.572;0.152777781089;0.0833333288837
0.0833333308498;0.15277777695;2.611;0.15277777902;0.0833333299185
0.0833333315397;0.152777783849;2.528;0.152777783159;0.0833333309533
0.0833333312982;0.152777781089;2.542;0.152777781089;0.0833333309533
0.0833333313327;0.15277777833;2.572;0.15277777902;0.0833333299185
0.0833333294011;0.152777781089;2.677;0.15277777902;0.0833333299185
0.0833333287802;0.15277777695;2.664;0.152777783159;0.0833333299185
0.0833333309878;0.152777779709;2.607;0.152777781089;0.0833333319881
0.0833333293321;0.15277777833;2.586;0.152777781089;0.0833333309533
0.0833333310568;0.152777781089;2.613;0.152777781089;0.0833333299185
0.0833333305049;0.152777782469;2.58;0.152777783159;0.0833333299185
0.0833333314707;0.152777779709;2.571;0.152777783159;0.0833333319881
0.0833333289182;0.152777782469;2.507;0.152777781089;0.0833333299185
0.0833333314707;0.15277777833;2.544;0.152777781089;0.0833333319881
0.0833333317466;0.152777779709;2.562;0.152777781089;0.0833333319881
0.083333329677;0.15277777833;2.415;0.15277777902;0.0833333309533
0.0833333305394;0.152777779709;2.395;0.152777783159;0.0833333309533
0.083333329884;0.15277777833;2.38;0.152777781089;0.0833333309533
0.0833333322295;0.152777781089;2.518;0.152777783159;0.0833333299185
0.0833333305739;0.15277777557;2.493;0.152777783159;0.0833333309533
0.0833333309533;0.152777781089;2.484;0.152777781089;0.0833333309533
0.0833333302979;0.152777783849;2.36;0.152777781089;0.0833333309533
0.0833333284353;0.15277777695;2.478;0.152777781089;0.0833333309533
0.0833333316776;0.152777781089;2.47;0.152777785228;0.0833333299185
0.0833333310568;0.15277777695;2.398;0.152777781089;0.0833333309533
0.0833333295391;0.152777779709;2.431;0.152777785228;0.0833333299185
0.0833333312292;0.152777781089;2.499;0.152777783159;0.0833333299185
0.0833333291941;0.152777779709;2.475;0.152777781089;0.0833333309533
0.0833333305049;0.15277777833;2.608;0.152777785228;0.0833333309533
0.083333330091;0.15277777833;2.459;0.152777781089;0.0833333288837
0.0833333298495;0.15277777695;2.538;0.152777781089;0.0833333319881
0.0833333290217;0.152777781089;2.36;0.152777781089;0.0833333319881
0.0833333305739;0.152777779709;2.541;0.152777781089;0.0833333309533
0.0833333314017;0.15277777833;2.434;0.15277777902;0.0833333288837
0.0833333302289;0.15277777833;2.399;0.152777783159;0.0833333309533
0.0833333305394;0.15277777833;2.525;0.152777781089;0.0833333309533
0.0833333307118;0.152777781089;2.508;0.152777783159;0.0833333299185
0.0833333321606;0.15277777557;2.492;0.152777781089;0.0833333288837
0.0833333293321;0.15277777557;2.297;0.15277777902;0.0833333299185
0.083333330091;0.152777779709;2.454;0.152777781089;0.0833333299185
0.0833333304359;0.152777781089;2.532;0.15277777902;0.0833333309533
0.0851851831432;0.151802653792;2.397;0.152777781089;0.0833333309533
0.0824074049101;0.152354758095;2.527;0.152777777364;0.0833333297115
0.0824074044962;0.152811909991;2.489;0.152777781503;0.0833333297115
0.0879629597206;0.150927893541;2.443;0.151157408125;0.0930555507334
0.0777777739352;0.153060934058;2.412;0.154629629933;0.0722222206079
0.0888888849704;0.15164765826;2.454;0.154629632003;0.0722222216427
0.0879629595136;0.151866360119;2.525;0.154629632003;0.0722222216427
0.0907407368499;0.151526421033;2.49;0.154629629933;0.0722222195731
0.0907407394024;0.151462878342;2.657;0.154629629933;0.0722222216427
0.0907407377467;0.151504756952;2.506;0.154629627864;0.0722222195731
0.0907407369879;0.151504681894;2.486;0.154629632003;0.0722222216427
0.0907407387125;0.151543211606;2.366;0.154629632003;0.0722222195731
0.0907407369879;0.151543212986;2.544;0.154629632003;0.0722222216427
0.0907407365739;0.151543208846;2.546;0.154629627864;0.0722222206079
0.0907407370223;0.151543203327;2.495;0.154629629933;0.0722222195731
0.090740738885;0.151543210226;2.462;0.154629634072;0.0722222216427
0.0907407350562;0.151543210226;2.519;0.154629632003;0.0722222216427
0.0907407388505;0.151528274571;2.525;0.154629632003;0.0722222216427
0.0907407365394;0.151543208846;2.475;0.154629632003;0.0722222206079
0.0907407381951;0.151543215745;2.511;0.154629627864;0.0722222185383
0.0907407369189;0.151543214365;2.492;0.154629634072;0.0722222216427
0.0907407377467;0.151543210226;2.478;0.154629632003;0.0722222195731
0.0907407369189;0.151543210226;2.446;0.154629632003;0.0722222206079
0.0907407397473;0.151543214365;2.505;0.154629629933;0.0722222206079
0.0907407378157;0.151543211606;2.499;0.154629627864;0.0722222216427
0.0907407380227;0.151543211606;2.523;0.154629634072;0.0722222206079
0.0907407383676;0.151543211606;2.559;0.154629629933;0.0722222206079
0.0907407372983;0.151543210226;2.439;0.154629632003;0.0722222206079
0.0907407374708;0.151543215745;2.524;0.154629632003;0.0722222195731
0.0907407389195;0.151543214365;2.6;0.154629629933;0.0722222206079
0.0907407389885;0.151543208846;2.574;0.154629632003;0.0722222216427
0.0907407372638;0.151543212986;2.494;0.154629632003;0.0722222216427
0.0907407373328;0.151543214365;2.471;0.154629629933;0.0722222206079
0.090740738609;0.151543210226;2.448;0.154629632003;0.0722222206079
0.0907407383676;0.151543210226;2.484;0.154629632003;0.0722222206079
0.0907407351942;0.151543211606;2.493;0.154629632003;0.0722222175035
0.0907407375398;0.151543211606;2.631;0.154629634072;0.0722222206079
0.0907407380227;0.151543215745;2.544;0.154629629933;0.0722222206079
0.0907407400233;0.151527911149;2.67;0.154629634072;0.0722222216427
0.0907407390575;0.151543212986;2.471;0.154629632003;0.0722222206079
0.0907407372638;0.151355568733;2.549;0.154629634072;0.0722222175035
0.0907407374708;0.151492880174;2.446;0.154629632003;0.0722222206079
0.0907407382986;0.151542989468;2.439;0.154629627864;0.0722222195731
0.0907407379537;0.151543210226;2.46;0.154629634072;0.0722222185383
0.0907407376777;0.151543210226;2.443;0.154629629933;0.0722222216427
0.0907407367809;0.151543210226;2.455;0.154629634072;0.0722222216427
0.0907407373328;0.151543209122;2.368;0.154629627864;0.0722222216427
0.0907407392644;0.151543210226;2.58;0.154629629933;0.0722222216427
0.0907407372638;0.151543208846;2.378;0.154629632003;0.0722222195731
0.0907407382986;0.151543210226;2.492;0.154629634072;0.0722222195731
0.0907407378157;0.151543212986;2.515;0.154629629933;0.0722222185383
0.0907407369189;0.151543212986;2.396;0.154629629933;0.0722222206079
0.0907407387125;0.151543211606;2.5;0.154629632003;0.0722222195731
0.0907407372983;0.151543212986;2.596;0.154629629933;0.0722222206079
0.0907407385056;0.151543208846;2.491;0.154629629933;0.0722222216427
0.0907407382296;0.151543211606;2.482;0.154629627864;0.0722222185383
0.0907407384021;0.151543211606;2.501;0.154629632003;0.0722222216427
0.0907407390575;0.151543210226;2.488;0.154629629933;0.0722222206079
0.0907407376777;0.151543210226;2.412;0.154629634072;0.0722222216427
0.0907407385746;0.151543211606;2.497;0.154629629933;0.0722222206079
0.0907407382296;0.151543201948;2.472;0.154629627864;0.0722222185383
0.0870370326771;0.151726989834;2.375;0.154629634072;0.0722222206079
0.0916666613409;0.150668281924;2.534;0.154629638212;0.0722222216427
0.089814811531;0.150303275497;2.509;0.151157406055;0.0930555507334
0.0787037005303;0.152144623851;2.587;0.151157410194;0.0930555507334
0.0777777752115;0.152214463938;2.506;0.144636945178;0.0930555517682
0.0805555529961;0.151137107224;2.518;0.152777781089;0.0833333299185
0.0805555532376;0.151225895517;2.491;0.154629629933;0.0722222195731
0.0916666625826;0.150681668134;2.335;0.154629327771;0.0722222195731
0.0981481447816;0.149371284302;2.486;0.154629629933;0.0722222216427
0.0935185137722;0.150442548096;2.472;0.154629632003;0.0722222216427
0.0907407364705;0.151372080048;2.474;0.154629629933;0.0722222206079
0.0907407385401;0.15145674817;2.485;0.154629629933;0.0722222206079
0.0916666631345;0.151237587686;2.345;0.154629636142;0.0722222216427
0.0935185161178;0.150956460171;2.433;0.154629634072;0.0722222216427
0.0898148122209;0.151429024284;2.413;0.154629627864;0.0722222195731
0.090740736298;0.151514228847;2.392;0.154629629933;0.0722222195731
0.09074073616;0.151521960894;2.533;0.154629629933;0.0722222206079
0.0916666644453;0.151346291381;2.374;0.154629627864;0.0722222206079
0.0907407379537;0.151541033001;2.416;0.154629634072;0.0722222195731
0.0916666629966;0.151123653959;2.404;0.154629627864;0.0722222206079
0.0851851830742;0.151975205651;2.344;0.151157410194;0.0930555507334
0.0805555519268;0.152271980489;2.436;0.154629629933;0.0722222216427
0.0935185134273;0.150843328072;2.513;0.154629629933;0.0722222185383
0.0898148111861;0.151457538207;2.548;0.154629629933;0.0722222206079
0.0898148113241;0.151674685379;2.555;0.154629638212;0.0722222185383
0.0898148122209;0.151606244621;2.541;0.154629627864;0.0722222216427
0.0907407380227;0.151407318259;2.436;0.154629627864;0.0722222216427
0.0870370361954;0.151718460575;2.449;0.154629634072;0.0722222206079
0.0879629607554;0.15177519923;2.479;0.154629636142;0.0722222216427
0.0925925899711;0.151175602719;2.534;0.154629634072;0.0722222216427
0.0898148111171;0.151631892831;2.432;0.154629627864;0.0722222206079
0.0916666641348;0.151265804138;2.421;0.154629634072;0.0722222206079
0.0944444404018;0.14951108534;2.404;0.154629542596;0.0722222216427
0.0861111080826;0.150840574117;2.457;0.154629608409;0.0722222216427
0.0870370339878;0.150998222331;2.408;0.154629629933;0.0722222216427
0.0888888848325;0.150529291619;2.479;0.154629634072;0.0722222206079
0.0842592558237;0.152259603695;2.415;0.154629629933;0.0722222216427
0.0861111077721;0.151400101957;2.352;0.154629627864;0.0722222216427
0.0916666647902;0.150775239423;2.339;0.154629632003;0.0722222206079
0.0907407383676;0.150913425618;2.435;0.154624212947;0.0722222216427
0.0925925896951;0.149990267224;2.379;0.154166669067;0.0749999975993
0.089814811531;0.151585877218;2.332;0.154166669067;0.0749999975993
0.0888888851084;0.151533518676;2.512;0.154166669067;0.0749999975993
0.0907407384711;0.151369882954;2.614;0.154166669067;0.0749999965645
0.0870370343328;0.15203707886;2.533;0.154166664928;0.0749999975993
0.0907407378157;0.151453318695;2.641;0.154166669067;0.0749999975993
0.0888888861777;0.151778659059;2.507;0.154166669067;0.0749999986341
0.0888888864192;0.151729240462;2.601;0.154166666998;0.0749999965645
0.0870370339188;0.152138467464;2.592;0.154166669067;0.0749999975993
0.0861111079101;0.151908966678;2.431;0.154166671137;0.0749999986341
0.0861111094278;0.151913740017;2.433;0.154166673207;0.0749999996689
0.0944444415056;0.150525315768;2.58;0.154166669067;0.0749999986341
0.0851851824533;0.151743446787;2.342;0.154166671137;0.0749999975993
0.087037033091;0.152041286782;2.432;0.154166666998;0.0749999975993
0.0888888869021;0.151743043628;2.558;0.154166669067;0.0749999965645
0.0870370346777;0.151823247196;2.436;0.154166669067;0.0749999975993
0.0879629601345;0.151849877503;2.314;0.154166666998;0.0749999975993
0.0851851819014;0.152256245138;2.395;0.154166669067;0.0749999975993
0.0888888866606;0.151803250942;2.428;0.154166669067;0.0749999965645
0.0879629604794;0.151950673097;2.487;0.154166669067;0.0749999975993
0.0870370326081;0.151934991832;2.408;0.154166666998;0.0749999965645
0.0907407379537;0.15051109123;2.325;0.154166673207;0.0749999975993
0.0962962933161;0.149564409973;2.396;0.154166509294;0.0749999955297
0.0851851814875;0.151898998629;2.457;0.154166666998;0.0749999996689
0.0935185159108;0.150126327243;2.523;0.154166666998;0.0749999975993
0.0870370343328;0.151438303016;2.392;0.154166669067;0.0749999955297
0.0972222184969;0.14998819817;2.376;0.154166669067;0.0749999955297
0.0851851827293;0.151820345333;2.396;0.154166669067;0.0749999965645
0.0944444429543;0.150037453682;2.418;0.154166475352;0.0749999965645
0.0898148112551;0.150396168232;2.354;0.154629634072;0.0722222216427
0.0953703684111;0.149899500388;2.406;0.154629629933;0.0722222195731
0.0916666639624;0.150802488404;2.359;0.154629627864;0.0722222206079
0.0944444390911;0.150155117666;2.432;0.154629632003;0.0722222216427
0.0861111075652;0.151771926494;2.501;0.154629629933;0.0722222185383
0.0953703673074;0.150463409722;2.436;0.154629627864;0.0722222206079
0.0898148127728;0.151566155255;2.484;0.154629627864;0.0722222206079
0.0925925898331;0.151106107566;2.449;0.154629632003;0.0722222216427
0.0898148120139;0.151645073736;2.387;0.154629632003;0.0722222216427
0.0898148105652;0.151688598648;2.437;0.154629629933;0.0722222206079
0.0898148112551;0.151615654981;2.481;0.154629634072;0.0722222206079
0.0888888861432;0.15149244059;2.481;0.154629627864;0.0722222206079
0.0898148113586;0.151481634765;2.432;0.154629632003;0.0722222206079
0.0898148126348;0.151687204838;2.418;0.154629632003;0.0722222185383
0.0888888864881;0.15181016039;2.353;0.154629627864;0.0722222185383
0.0898148106342;0.151449984698;2.398;0.154629629933;0.0722222216427
0.0888888866951;0.151622882044;2.438;0.154629634072;0.0722222195731
0.0907407387125;0.151277917127;2.345;0.154629629933;0.0722222216427
0.0870370333669;0.151728920639;2.387;0.154629632003;0.0722222216427
0.0935185154279;0.150649746535;2.446;0.154629627864;0.0722222206079
0.0888888876954;0.151333118203;2.407;0.154629629933;0.0722222216427
0.094444439505;0.150428418484;2.366;0.154629632003;0.0722222206079
0.0898148107722;0.151465602219;2.431;0.154629629933;0.0722222206079
0.0907407379537;0.151003218911;2.406;0.154629629933;0.0722222206079
0.087037032953;0.151707881855;2.423;0.154629629933;0.0722222216427
0.0907407390575;0.15088432089;2.395;0.154629629933;0.0722222185383
0.0907407392644;0.151021151907;2.42;0.154629634072;0.0722222185383
0.0879629590997;0.151442121852;2.472;0.154629632003;0.0722222206079
0.0944444406088;0.150187667873;2.401;0.154629629933;0.0722222216427
0.0879629604104;0.151692906188;2.392;0.154629629933;0.0722222206079
0.0953703684111;0.150467748443;2.465;0.154629634072;0.0722222185383
0.0879629607554;0.151599800145;2.39;0.154629634072;0.0722222206079
0.090740736298;0.151367865227;2.453;0.154629634072;0.0722222216427
0.0953703655827;0.1503125385;2.42;0.146105256346;0.079166662931
0.0879629589617;0.151109170583;2.48;0.154629629933;0.0722222206079
0.0972222184279;0.149956220554;2.492;0.154629634072;0.0722222206079
0.0851851815565;0.151981043871;2.535;0.154629632003;0.0722222216427
0.0842592553408;0.152183080161;2.529;0.154629629933;0.0722222216427
0.0898148132557;0.151420551318;2.551;0.154629629933;0.0722222216427
val_acc;val_loss;acc;loss;time
0.0791666625688;0.145688378563;0.0879629601345;0.140396579962;5.040504
0.0791666631897;0.0856715221372;0.0657407389609;0.128115002342;2.368236
0.0833333299185;0.0763906983452;0.0851851794179;0.0776449603339;2.410241
0.0833333319881;0.0763931628317;0.0842592549959;0.0770555044766;2.263226
0.0833333309533;0.0763954580244;0.0814814785564;0.0763872062994;2.345235
0.0749999965645;0.0763978422102;0.0749999974613;0.0763862553846;2.517252
0.0749999975993;0.0764003514002;0.0888888855223;0.0763844973235;2.29923
0.0749999986341;0.0764028117475;0.0888888863157;0.076384022556;2.469247
0.0749999986341;0.0764052658859;0.088888887316;0.076382521126;2.435243
0.0749999965645;0.07640636257;0.0703703685215;0.0771009773016;2.333233
0.0722222216427;0.0764085284124;0.0907407372638;0.0763809333245;2.40224
0.0722222195731;0.0764102790919;0.0777777743836;0.0763802555976;2.631263
0.0722222216427;0.0764123453862;0.0907407383676;0.0763790959285;2.359236
0.0749999975993;0.0764148262226;0.0870370355055;0.0763784235826;2.458245
0.0722222195731;0.0764171323842;0.0833333312637;0.0763773099968;2.411242
0.0722222216427;0.0764190320753;0.0851851820394;0.0763767456843;2.434243
0.0722222195731;0.0764208202147;0.0888888840736;0.076376395645;2.419242
0.0722222185383;0.0764224071883;0.0907407369879;0.0763757351648;2.470247
0.0722222185383;0.0764242067105;0.0907407355391;0.0763752568099;2.436244
0.0722222185383;0.0764260790828;0.0907407377122;0.0763744284157;2.483248
0.0722222175035;0.0764278740519;0.0907407374018;0.0763738064302;2.442244
0.0722222185383;0.07642979982;0.0907407400233;0.0763731040061;2.363236
0.0722222185383;0.0764315014498;0.090740736298;0.0763725850869;2.424242
0.0722222185383;0.0764322467148;0.0935185169456;0.0771679759577;2.470247
0.0722222195731;0.0764342022853;0.0907407376777;0.0763716968121;2.404241
0.0722222206079;0.0764357120627;0.0907407375053;0.0763716577656;2.441244
0.0722222216427;0.0764375057899;0.0907407404372;0.076371335459;2.589259
0.0722222206079;0.0764391180128;0.0907407380227;0.0763710552344;2.456246
0.0722222206079;0.0764409473373;0.0907407380227;0.0763702869967;2.476248
0.0722222185383;0.0764425721847;0.090740738816;0.0763703708847;2.277227
0.0722222185383;0.076443741305;0.0907407366429;0.0763698583124;2.451245
0.0722222185383;0.0764451871316;0.0907407398163;0.0763697264095;2.485248
0.0722222175035;0.0764462509089;0.0907407369879;0.0763692360509;2.39524
0.0722222206079;0.0764474301702;0.09074073616;0.0763692520559;2.116211
0.0722222195731;0.0764482693954;0.090740738885;0.0763691913474;2.189218
0.0722222195731;0.0764492853648;0.090740736436;0.0763686703587;2.072207
0.0722222216427;0.0764504691793;0.090740736298;0.0763684173149;2.181218
0.0722222216427;0.0764516055998;0.0907407369189;0.0763687299633;2.040204
0.0722222185383;0.0764527364324;0.0907407381606;0.0763685906099;2.083209
0.0722222195731;0.0764538885819;0.0907407394024;0.0763679000515;2.222222
0.0722222206079;0.0764545318153;0.0907407357461;0.0763686358653;2.110211
0.0722222216427;0.0764553865625;0.090740736367;0.0763677355868;2.150215
0.0722222206079;0.076456743396;0.0907407396783;0.0763677811181;2.351235
0.0722222216427;0.0764575230165;0.0907407369189;0.0763678774238;2.545255
0.0722222206079;0.0764587231808;0.0907407384366;0.0763672878621;2.513251
0.0722222216427;0.0764597008626;0.0907407394024;0.0763679642092;2.612261
0.0722222185383;0.0764605473313;0.0907407394714;0.0763667699088;2.60526
0.0722222206079;0.076461777298;0.0907407383331;0.0763670964925;2.783278
0.0722222195731;0.076462490898;0.0907407365739;0.0763673415339;2.618262
0.0722222195731;0.0764635205269;0.0907407390575;0.0763670515131;2.626263
0.0722222195731;0.0764640416536;0.0907407369879;0.076367109876;2.621262
0.0722222206079;0.0764646697789;0.090740736091;0.0763668783561;2.69927
0.0722222216427;0.0764653399173;0.0907407368499;0.0763664177998;2.59726
0.0722222206079;0.0764661888695;0.0907407359875;0.0763668669043;2.650265
0.0722222216427;0.0764669136455;0.090740736229;0.0763668802877;2.489249
0.0722222185383;0.0764677052697;0.0907407370913;0.0763666151022;2.654265
0.0722222195731;0.0764686877115;0.0907407367464;0.0763663057652;2.564256
0.0722222195731;0.0764691221217;0.0907407358496;0.076366443187;2.665267
0.0722222206079;0.0764698444141;0.0907407387815;0.0763663268752;2.590259
0.0722222195731;0.0764701149116;0.090740736436;0.0763665556356;2.609261
0.0722222175035;0.0764707430369;0.0907407354012;0.0763658536253;2.70527
0.0722222195731;0.0764711629599;0.0907407394714;0.0763660176761;2.554256
0.0722222195731;0.0764719612069;0.090740736091;0.0763667337596;2.672229
0.0722222206079;0.0764724076208;0.0907407378502;0.0763662035267;2.732
0.0722222185383;0.0764730752756;0.0907407390575;0.0763661560637;2.667
0.0722222195731;0.0764738760061;0.0907407383676;0.0763662714097;2.85
0.0722222195731;0.0764745374521;0.0907407367119;0.0763661523384;2.605
0.0722222195731;0.0764751452953;0.0907407386435;0.0763658539013;2.702
0.0722222185383;0.0764754660841;0.0907407369879;0.0763662868628;2.569
0.0722222206079;0.0764759019431;0.0907407376087;0.0763658115433;2.385
0.0722222206079;0.076476248809;0.0907407380572;0.0763659043996;2.444
0.0722222195731;0.0764765288267;0.0907407371258;0.0763659219223;2.386
0.0722222216427;0.076477277817;0.0907407384366;0.0763661406106;2.28
0.0722222195731;0.0764777722458;0.090740738609;0.0763661977318;2.38
0.0722222216427;0.0764784148584;0.0907407385746;0.0763656632216;2.545
0.0722222216427;0.0764787406143;0.0907407383676;0.0763656862632;2.473
0.0722222206079;0.0764790193902;0.0907407369189;0.0763656891606;2.383
0.0722222206079;0.0764796791805;0.0907407365739;0.0763662231189;2.541
0.0722222216427;0.0764801734024;0.0907407393334;0.0763659464816;2.481
0.0722222206079;0.0764805092994;0.0907407379537;0.0763660961831;2.337
0.0722222216427;0.0764807814525;0.0907407376087;0.0763658093358;2.51
0.0722222195731;0.0764812450442;0.0907407369189;0.0763661709649;2.306
0.0722222185383;0.0764813292772;0.0907407373328;0.0763661197766;2.472
0.0722222195731;0.0764816519287;0.0907407378157;0.0763656629456;2.32
0.0722222195731;0.0764820906851;0.0907407394714;0.0763660605859;2.422
0.0722222206079;0.076482259151;0.0907407407131;0.0763655711931;2.366
0.0722222195731;0.0764823444188;0.0907407384711;0.0763658220293;2.5
0.0722222216427;0.0764823632522;0.0907407385746;0.0763660564467;2.494
0.0722222195731;0.0764822715686;0.0907407379537;0.0763659862181;2.308
0.0722222216427;0.0764824400345;0.0907407387125;0.07636582879;2.403
0.0722222195731;0.0764830242842;0.09074073616;0.0763655584995;2.416
0.0722222206079;0.0764830400132;0.090740736298;0.0763657138579;2.363
0.0722222185383;0.0764831875761;0.0907407371258;0.0763653805134;2.424
0.0722222206079;0.0764838082509;0.090740736298;0.0763655154517;2.35
0.0722222195731;0.0764839709219;0.0907407379537;0.0763659572436;2.458
0.0722222175035;0.0764844312022;0.0907407372638;0.0763658246508;2.518
0.0722222216427;0.0764844988783;0.0907407383676;0.0763659354437;2.469
0.0722222185383;0.0764847724802;0.0907407378502;0.0763662990045;2.405
0.0722222195731;0.0764851170695;0.0907407378157;0.0763655110366;2.384
0.0722222206079;0.076484973025;0.0907407372638;0.0763653175974;2.346
0.0722222216427;0.0764850872672;0.0907407380227;0.0763655811272;2.445
0.0722222216427;0.0764850392524;0.0907407388505;0.0763660060863;2.371
0.0722222216427;0.0764849951698;0.0907407394714;0.0763656135511;2.429
0.0722222216427;0.0764852768431;0.0907407375398;0.0763654441193;2.539
0.0722222195731;0.0764854982909;0.0907407369189;0.0763660252646;2.302
0.0722222195731;0.0764856822789;0.0907407368499;0.076366416972;2.324
0.0722222216427;0.0764856580645;0.0907407389195;0.0763654939278;2.463
0.0722222185383;0.0764861466984;0.0907407371948;0.0763658398279;2.521
0.0722222206079;0.0764861187587;0.0907407383676;0.076365619208;2.397
0.0722222206079;0.0764859374613;0.0907407378157;0.0763662105633;2.538
0.0722222206079;0.0764861798121;0.0907407380916;0.076365681848;2.406
0.0722222216427;0.076486311646;0.0907407381606;0.076365482476;2.433
0.0722222195731;0.0764863373091;0.0907407389885;0.0763654764052;2.443
0.0722222216427;0.0764866411272;0.0907407368499;0.076365897225;2.408
0.0722222206079;0.0764864436868;0.0907407383676;0.0763655648463;2.339
0.0722222195731;0.0764866932813;0.0907407391264;0.0763655398731;2.421
0.0722222195731;0.0764867336386;0.0907407389195;0.0763658483823;2.344
0.0722222206079;0.0764869691597;0.0907407346423;0.0763657228262;2.462
0.0722222175035;0.0764869213518;0.0907407385056;0.0763657075112;2.367
0.0722222216427;0.07648698344;0.0907407375053;0.0763663340498;2.365
0.0722222216427;0.0764871442484;0.0907407372638;0.0763655938208;2.368
0.0722222206079;0.0764872369667;0.0907407375398;0.0763658123712;2.467
0.0722222206079;0.0764872394502;0.0907407383331;0.0763658137509;2.362
0.0722222216427;0.0764874141249;0.0907407385746;0.0763655078632;2.374
0.0722222185383;0.0764874015003;0.0907407372638;0.0763657843625;2.427
0.0722222185383;0.0764875010484;0.0907407378847;0.0763652887609;2.493
0.0722222206079;0.0764873907384;0.0907407369879;0.0763656276244;2.407
0.0722222185383;0.0764872955365;0.0907407389195;0.0763656343851;2.392
0.0722222185383;0.0764872800145;0.090740736298;0.0763656728797;2.324
0.0722222216427;0.0764876541992;0.0907407376777;0.0763657669778;2.376
0.0722222185383;0.0764878770957;0.0907407396783;0.0763658410697;2.381
0.0722222185383;0.0764880364554;0.0907407379192;0.0763659517246;2.467
0.0722222185383;0.0764884029826;0.0907407391954;0.0763655983739;2.341
0.0722222206079;0.0764886221538;0.0907407373328;0.076365813199;2.426
0.0722222216427;0.0764883280628;0.0907407371258;0.0763658172003;2.473
0.0722222216427;0.0764883237167;0.0907407366774;0.0763654924101;2.441
0.0722222216427;0.076488248176;0.0907407371258;0.0763654735077;2.515
0.0722222206079;0.0764881922967;0.0907407387815;0.0763662732034;2.497
0.0722222206079;0.0764884046382;0.0907407380916;0.0763655440123;2.345
0.0722222195731;0.0764886844489;0.0907407400923;0.0763661142577;2.406
0.0722222185383;0.076488820629;0.0907407391264;0.076365587612;2.405
0.0722222206079;0.0764886637529;0.0907407383676;0.0763657277933;2.433
0.0722222185383;0.0764886304322;0.0907407376777;0.0763657426944;2.503
0.0722222185383;0.0764886587858;0.0907407369879;0.0763657791195;2.512
0.0722222185383;0.0764889125195;0.0907407386435;0.0763656702582;2.404
0.0722222195731;0.0764891474197;0.0907407384021;0.0763657433843;2.475
0.0722222206079;0.0764892453121;0.0907407385401;0.0763658523836;2.465
0.0722222195731;0.0764892902225;0.0907407357461;0.076365624175;2.384
0.0722222216427;0.0764891112016;0.0907407391954;0.07636582879;2.389
0.0722222206079;0.0764892846346;0.0907407365394;0.0763659615208;2.341
0.0722222216427;0.0764893307868;0.090740738885;0.0763656746734;2.453
0.0722222216427;0.0764894330253;0.0907407376087;0.0763656851594;2.51
0.0722222195731;0.0764894226773;0.0907407370568;0.0763658220293;2.359
0.0722222195731;0.0764898736444;0.0907407389885;0.076365713582;2.437
0.0722222216427;0.0764901816017;0.0907407390575;0.0763653860324;2.456
0.0722222195731;0.0764899394578;0.0907407378157;0.0763656655671;2.449
0.0722222185383;0.0764897821678;0.090740736298;0.0763651276076;2.401
0.0722222195731;0.0764916990366;0.0953703684111;0.0767972549355;2.462
0.0722222175035;0.076491786167;0.0907407372983;0.0763659619347;2.508
0.0722222216427;0.0764915688584;0.0907407383676;0.0763654373586;2.552
0.0722222206079;0.0764904771414;0.0925925890053;0.0774281024933;2.632
0.0722222195731;0.0764904785901;0.0907407396783;0.0763655911993;2.496
0.0722222175035;0.0764903225419;0.0907407372638;0.076365340777;2.434
0.0722222175035;0.076489797069;0.0907407352632;0.0763658381723;2.445
0.0722222185383;0.0764898850272;0.090740738609;0.0763657680816;2.387
0.0722222185383;0.0764899866449;0.0907407376777;0.0763658976389;2.392
0.0722222206079;0.0764900822606;0.0907407388505;0.0763653411909;2.336
0.0722222185383;0.076490169391;0.09074073616;0.0763660560328;2.454
0.0722222206079;0.0764900727404;0.0907407380227;0.0763658570747;2.421
0.0722222216427;0.0764900305205;0.0907407365739;0.0763657582855;2.471
0.0722222175035;0.0764902424481;0.0907407391954;0.0763660735554;2.394
0.0722222185383;0.0764900363154;0.0907407372638;0.0763660614137;2.422
0.0722222216427;0.0764903086755;0.0907407367809;0.0763657105466;2.369
0.0722222185383;0.0764904858338;0.0907407396783;0.0763659508968;2.447
0.0722222216427;0.0764903765586;0.0907407372638;0.0763653784438;2.456
0.0722222216427;0.0764901621474;0.0907407366429;0.076365897501;2.461
0.0722222206079;0.0764900822606;0.0907407374708;0.0763657649082;2.458
0.0722222206079;0.0764901340008;0.0907407383676;0.0763656240371;2.47
0.0722222195731;0.0764898243878;0.0907407392644;0.0763659457918;2.434
0.0722222216427;0.0764897480193;0.0907407358841;0.0763659366855;2.392
0.0722222185383;0.0764894379924;0.0907407382986;0.0763656514938;2.522
0.0722222216427;0.0764891215497;0.0907407378157;0.076365850176;2.483
0.0722222216427;0.0764892715961;0.0907407376087;0.0763657331743;2.312
0.0722222185383;0.0764890429046;0.0907407387125;0.076365807956;2.528
0.0722222206079;0.076489361003;0.090740738678;0.0763654753014;2.331
0.0722222206079;0.0764893934959;0.0907407385056;0.0763656502521;2.331
0.0722222206079;0.0764897461567;0.0907407375398;0.0763655889917;2.402
0.0722222195731;0.0764897455358;0.0907407384021;0.0763659640043;2.489
0.0722222216427;0.0764902308583;0.0907407390575;0.0763656836417;2.508
0.0722222216427;0.0764903881484;0.0907407376777;0.0763655996157;2.345
0.0722222206079;0.0764900828815;0.0907407382296;0.0763661433701;2.425
0.0722222195731;0.0764904200203;0.0907407375398;0.0763654028652;2.317
0.0722222185383;0.076490332269;0.0907407369879;0.0763660052584;2.454
0.0722222175035;0.0764901669075;0.0907407377812;0.0763653976222;2.453
0.0722222216427;0.0764904295405;0.0907407372638;0.0763655197289;2.414
0.0722222195731;0.076490127378;0.0907407391609;0.0763656828139;2.399
0.0722222206079;0.076489980436;0.0907407382986;0.0763660901123;2.414
0.0722222185383;0.0764901565595;0.0907407379537;0.0763658563848;2.409
0.0722222185383;0.0764900669456;0.0907407367809;0.0763657287591;2.43
0.0722222206079;0.0764898481882;0.0907407394714;0.0763657638044;2.467
0.0722222206079;0.0764899899562;0.0907407368499;0.0763659533803;2.391
0.0722222195731;0.0764900050643;0.0907407375398;0.0763654232853;2.438
0.0722222206079;0.0764901606987;0.0907407375053;0.0763659852522;2.383
0.0722222206079;0.0764904403024;0.0907407378502;0.0763657213085;2.465
0.0722222216427;0.0764904411303;0.0907407374018;0.0763656680507;2.504
0.0722222216427;0.0764906485048;0.0907407375398;0.0763655692615;2.378
0.0722222206079;0.0764907463971;0.090740738885;0.076366038786;2.242
0.0722222185383;0.0764905007349;0.0907407383676;0.0763657338641;2.574
0.0722222195731;0.0764908527748;0.0907407354701;0.0763656803303;2.397
0.0722222216427;0.0764906702356;0.0907407376777;0.0763659072971;2.465
0.0722222216427;0.0764908269048;0.0907407393334;0.0763654969633;2.303
0.0722222206079;0.0764904854198;0.0907407359531;0.0763654881329;2.387
0.0722222206079;0.0764904651377;0.0907407368499;0.0763655993398;2.437
0.0722222206079;0.0764905150152;0.0907407375398;0.0763657317945;2.367
0.0722222195731;0.0764906292574;0.0907407385746;0.0763656695684;2.434
0.0722222206079;0.0764907670932;0.0907407369189;0.0763657781537;2.488
0.0722222216427;0.076490809727;0.0907407365049;0.0763656674988;2.418
0.0722222185383;0.0764907652305;0.0907407379537;0.0763656668089;2.317
0.0722222195731;0.0764905650996;0.0907407356081;0.076365235917;2.296
0.0722222216427;0.0764907662653;0.0907407387125;0.0763659514487;2.461
0.0722222195731;0.0764907230106;0.090740736229;0.0763656571507;2.388
0.0722222195731;0.0764907735089;0.0907407386435;0.0763662058722;2.467
0.0722222185383;0.0764907666792;0.0907407396094;0.076365640318;2.449
0.0722222206079;0.0764912368937;0.0907407370223;0.0763657598032;2.413
0.0722222185383;0.0764913943907;0.0907407376087;0.0763660303696;2.392
0.0722222216427;0.0764911495563;0.0907407375053;0.0763657773259;2.424
0.0722222216427;0.0764913145039;0.0907407375398;0.0763656817101;2.461
0.0722222206079;0.0764911590765;0.0907407387815;0.0763653896197;2.558
0.0722222185383;0.0764909792278;0.0907407367809;0.0763661148096;2.439
0.0722222185383;0.0764909477697;0.0907407373328;0.0763658625936;2.375
0.0722222185383;0.0764910599424;0.0907407374018;0.076365645285;2.329
0.0722222206079;0.0764911766681;0.0907407394024;0.0763654018994;2.442
0.0722222195731;0.0764911112686;0.0907407367809;0.0763656563229;2.378
0.0722222175035;0.0764911530746;0.0907407393334;0.0763656480445;2.58
0.0722222195731;0.0764916241169;0.0907407376087;0.0763661938685;2.365
0.0722222206079;0.0764916870329;0.090740736436;0.0763659136439;2.471
0.0722222216427;0.0764913625187;0.0907407365739;0.0763655201428;2.555
0.0722222195731;0.0764915305707;0.0907407369879;0.0763658216154;2.34
0.0722222175035;0.0764917058663;0.0907407376777;0.0763658253407;2.364
0.0722222216427;0.0764914566858;0.0907407379537;0.0763655990638;2.44
0.0722222216427;0.0764916085949;0.0907407392644;0.0763658852213;2.389
0.0722222185383;0.0764914357828;0.0907407397473;0.0763661273652;2.377
0.0722222185383;0.0764917197327;0.0907407377467;0.076365613827;2.387
0.0722222185383;0.0764918368724;0.0907407372638;0.0763655081391;2.431
0.0722222175035;0.0764916319814;0.0907407372638;0.0763659462057;2.47
0.0722222206079;0.076491991265;0.0907407369189;0.0763658693543;2.423
0.0722222206079;0.0764921121299;0.090740736436;0.0763658188559;2.413
0.0722222185383;0.0764921812548;0.0907407363325;0.0763654391523;2.427
0.0722222206079;0.0764919117921;0.0907407380916;0.0763657257237;2.319
0.0722222195731;0.0764920272761;0.0907407374708;0.0763652711003;2.468
0.0722222206079;0.0764920808789;0.0907407387125;0.0763657098567;2.445
0.0722222206079;0.0764918867499;0.0907407385056;0.0763658218914;2.484
0.0722222185383;0.0764915806552;0.09074073616;0.0763656601862;2.467
0.0722222206079;0.0764918310775;0.0907407355736;0.0763656898505;2.499
0.0722222206079;0.0764923048102;0.0907407383676;0.0763657999535;2.381
0.0722222216427;0.0764921866357;0.0907407374018;0.0763659691093;2.547
0.0722222216427;0.076491775819;0.0907407375398;0.0763654868912;2.385
0.0722222206079;0.0764914148798;0.0907407375398;0.0763660122951;2.438
0.0722222216427;0.0764911116825;0.0907407376777;0.0763655114505;2.409
0.0722222206079;0.0764913014654;0.0907407383676;0.0763659351678;2.357
0.0722222206079;0.0764912360658;0.0907407383676;0.0763654394282;2.458
0.0722222206079;0.0764914701382;0.0907407376777;0.0763657647702;2.379
0.0722222216427;0.0764915961772;0.0907407365739;0.0763655605691;2.426
0.0722222216427;0.0764917085568;0.0907407389885;0.0763654522598;2.419
0.0722222185383;0.0764918199016;0.0907407380227;0.076365660876;2.437
0.0722222195731;0.0764913796965;0.0907407358841;0.0763658213395;2.485
0.0722222206079;0.0764911058876;0.0907407386435;0.0763659878737;2.488
0.0722222185383;0.0764911218236;0.0907407378157;0.0763653781679;2.495
0.0722222206079;0.0764912236482;0.0907407376777;0.076365802851;2.603
0.0722222195731;0.0764913234032;0.0907407391264;0.0763659158515;2.396
0.0722222185383;0.0764913799034;0.0907407376777;0.076365692748;2.251
0.0722222216427;0.0764914467517;0.0907407380227;0.0763654042449;2.371
0.0722222206079;0.0764916485382;0.0907407375398;0.0763658732176;2.295
0.0722222185383;0.076492489419;0.0907407367119;0.0763660103635;2.35
0.0722222216427;0.0764925515072;0.0907407397473;0.076365435151;2.411
0.0722222175035;0.0764923203323;0.0907407372638;0.0763657864321;2.441
0.0722222175035;0.0764922909439;0.0907407384366;0.076366065001;2.496
0.0722222195731;0.0764923915267;0.0907407381261;0.076365792365;2.443
0.0722222206079;0.0764922617624;0.0907407376777;0.076365718549;2.383
0.0722222195731;0.0764922714896;0.0907407367119;0.0763653631288;2.442
0.0722222216427;0.0764922089875;0.0907407369879;0.0763655709172;2.321
0.0722222185383;0.0764923627592;0.0907407374708;0.0763656310737;2.45
0.0722222195731;0.0764925875184;0.0907407389195;0.0763655527046;2.479
0.0722222195731;0.0764923805578;0.0907407366774;0.0763659146097;2.426
0.0722222216427;0.0764924128436;0.0907407366429;0.076366422077;2.409
0.0722222206079;0.0764923656566;0.0907407372638;0.0763655314567;2.422
0.0722222185383;0.0764924763805;0.0907407380916;0.076365461366;2.531
0.0722222206079;0.0764925618552;0.0907407379192;0.0763660906642;2.477
0.0722222216427;0.0764929215527;0.0907407371948;0.0763655713311;2.418
0.0722222216427;0.0764927746107;0.0907407389885;0.0763655568439;2.443
0.0722222206079;0.0764927698506;0.0907407369879;0.0763661352297;2.351
0.0722222195731;0.0764925568882;0.0907407383676;0.0763661252956;2.423
0.0722222175035;0.0764926206321;0.0907407376777;0.0763654464649;2.373
0.0722222206079;0.0764924809337;0.0907407379537;0.0763657404869;2.461
0.0722222195731;0.0764923729002;0.0907407396783;0.0763657791195;2.455
0.0722222185383;0.0764920680473;0.0907407387815;0.0763654900646;2.441
0.0722222216427;0.076491964774;0.0907407370568;0.0763654686787;2.35
0.0722222216427;0.0764918114162;0.0907407372638;0.076366411867;2.551
0.0722222195731;0.076491875781;0.0907407394024;0.0763659922889;2.439
0.0722222216427;0.0764914883508;0.0907407393334;0.0763656752253;2.411
